contract_address,is-proxy-groundtruth-bodell (GB1) (original label by bodell III et al),is-upc-groundtruth-bodell (GB1) (original label by bodell III et al),is-proxy-groundtruth-bodell (GB2) (refined label by ebrahimi et al),is-upc-groundtruth-bodell (GB3) (refined label by ebrahimi et al)
0x1d9bdf492e59a306dda59e5aa13e7f1c7d89197a,Proxy,UPC,Non-Proxy,Non-UPC
0x9da47a2b34f9707bc931fa31f0003a149f4aa92e,Proxy,UPC,Proxy,UPC
0x14a4123da9ad21b2215dc0ab6984ec1e89842c6d,Proxy,UPC,Proxy,UPC
0x85ac27e4124863492db18eafbb358102cad8fc96,Proxy,UPC,Proxy,UPC
0x45d0bdfdfbfd62e14b64b0ea67dc6eac75f95d4d,Proxy,UPC,Proxy,UPC
0xf83c9b3c590eab6b5acf0324b68e627a8b18d46b,Proxy,UPC,Proxy,UPC
0x0000000000085d4780b73119b644ae5ecd22b376,Proxy,UPC,Proxy,UPC
0xfffb285a7252410ba60b85732ce5492c0f30686c,Proxy,UPC,Non-Proxy,Non-UPC
0x1bd223e638aeb3a943b8f617335e04f3e6b6fffa,Proxy,UPC,Non-Proxy,Non-UPC
0x1cd9c4b65c8a0b499750c10e70fe42dc94494679,Proxy,Non-UPC,Proxy,Non-UPC
0x1d7418d7718918c9f315418e86f29812321d0ea3,Proxy,Non-UPC,Proxy,Non-UPC
0x1f7ef7a6cce767fc4430595f2994d5a841fa318f,Proxy,Non-UPC,Proxy,Non-UPC
0x02a492c34319b52abb009a4c45ccee159dbde6cb,Proxy,UPC,Proxy,UPC
0x2b67d1a87a8d8b280a23e97bc55095215ee0ec53,Proxy,UPC,Proxy,UPC
0x3aa4a0482e6f475856d98c12e71b658d0c1d0b68,Proxy,UPC,Non-Proxy,Non-UPC
0x4a5693fa90442aff3067b59a4256834fe612b541,Proxy,UPC,Non-Proxy,Non-UPC
0x4b4a7aa3d100676deed616e51a562e77e56b224a,Proxy,UPC,Proxy,UPC
0x6de037ef9ad2725eb40118bb1702ebb27e4aeb24,Proxy,UPC,Proxy,UPC
0x8bae55c9805c4c9b9e3367bdd6ceb4b09114b645,Proxy,UPC,Proxy,UPC
0x17b09b22823f00bb9b8ee2d4632e332cadc29458,Proxy,UPC,Proxy,UPC
0x37cc99aabb9f6e1b2a37d95cec66b34133e558a3,Proxy,Non-UPC,Proxy,Non-UPC
0x79d59505fb63556e0c06035de9ad1b18491d37c7,Proxy,UPC,Non-Proxy,Non-UPC
0x245afd5a6cf525345698ee1428c6f5b9e7f684f4,Proxy,UPC,Non-Proxy,Non-UPC
0x395f47e890cd81307c5fa8814771b93100283daa,Proxy,UPC,Proxy,UPC
0x578fa4ab3b27a94fe97bd52167f1b02da20d31e8,Proxy,UPC,Proxy,UPC
0x1410d4ec3d276c0ebbf16ccbe88a4383ae734ed0,Proxy,UPC,Proxy,UPC
0x8644b70d1e40e954d8397e79a210624cbc22e1fe,Proxy,UPC,Proxy,UPC
0x8853b05833029e3cf8d3cbb592f9784fa43d2a79,Proxy,UPC,Proxy,UPC
0x306496f5af58b04fc93985059c894ec549e2f6b8,Proxy,UPC,Proxy,UPC
0x927043a6e64ef753a8158b75fca891fc5eee2401,Proxy,UPC,Proxy,UPC
0x21683397aa53aaf7baca416c27f2c1e0e84bb493,Proxy,UPC,Proxy,UPC
0x426903241ada3a0092c3493a0c795f2ec830d622,Proxy,UPC,Non-Proxy,Non-UPC
0x92489789778d69eff4a53b6d649f0a51e02e6291,Proxy,UPC,Proxy,UPC
0xa0b86991c6218b36c1d19d4a2e9eb0ce3606eb48,Proxy,UPC,Proxy,UPC
0xa3db33ccfe990fdf89ff311754391b5c3af4ef04,Proxy,UPC,Proxy,UPC
0xa4a689c90d5042202570cf85e730a5cb9ead77a2,Proxy,UPC,Proxy,UPC
0xabe63a04acb55f8c2ea3509ce10775623bd98f3b,Proxy,UPC,Proxy,UPC
0xbc3c8e6208fbc44adc59696c41bde348def2fbeb,Proxy,Non-UPC,Proxy,Non-UPC
0xbe729d06dd2d7b2e953b40e234c62bd5f0204a12,Proxy,UPC,Proxy,UPC
0xbf95d4957d481473e39c70d3bc08896740e3ca96,Proxy,UPC,Non-Proxy,Non-UPC
0xc229c69eb3bb51828d0caa3509a05a51083898dd,Proxy,UPC,Proxy,UPC
0xdc524e3c6910257744c1f93cf15e9f472b5bd236,Proxy,UPC,Proxy,UPC
0xdeb173187d7c6ac80abaa139f0c7306fb73801a9,Proxy,Non-UPC,Proxy,Non-UPC
0xed045abcd09fa8223d06bca4b0ad562a1c467f10,Proxy,UPC,Non-Proxy,Non-UPC
0xf363c6de4a27c202fd8e3216351c242fb4a39d8c,Proxy,UPC,Non-Proxy,Non-UPC
0xf2262f092063cd19050f7e037cbf6401b58e9035,Proxy,UPC,Non-Proxy,Non-UPC
0xfb918ca8543aefcb1754a656d3985b4fc4036860,Proxy,UPC,Proxy,UPC
0x25200235ca7113c2541e70de737c41f5e9acd1f6,Proxy,UPC,Proxy,UPC
0xfa82f0a05b732deaf9ae17a945c65921c28b16dd,Proxy,UPC,Non-Proxy,Non-UPC
0x7de7f004f60b613840a34121e4300f4ab3b5f8f2,Proxy,UPC,Proxy,UPC
0x0557e0d15aec0b9026dd17aa874fdf7d182a2ceb,Proxy,UPC,Proxy,UPC
0x0c212728e3cdb57ed62ddfca917fe7df17a63979,Proxy,UPC,Non-Proxy,Non-UPC
0x0ee460204887d98c297bb431e40b713f63ba78e0,Proxy,UPC,Proxy,UPC
0x1c17f00f787b11689c35a74cc043614ca218ff9b,Proxy,UPC,Proxy,UPC
0x1c63d19a2d626e91dc67d93037e5716182bed6cd,Proxy,UPC,Proxy,UPC
0x2ab85aa4ac637a770b2fc8daceeb3a6338125f10,Proxy,UPC,Proxy,UPC
0x2b6eaf43499b3db50df84b22c9451fe04599317c,Proxy,UPC,Proxy,UPC
0x2e0bee0014c119bc83166fc2c728c3450da7acd5,Proxy,UPC,Proxy,UPC
0x2f84d6394ee8d46df279d1798345884a3a04bd09,Proxy,UPC,Proxy,UPC
0x2ff3757922298a53767a5c9014a876a0847052cf,Proxy,UPC,Proxy,UPC
0x04ad0165cf92f7a0f99676e9a566e7c70e3f9b85,Proxy,UPC,Proxy,UPC
0x4b0f027d0b694aae2761ed2d426295d4f949f5d0,Proxy,UPC,Proxy,UPC
0x4deca517d6817b6510798b7328f2314d3003abac,Proxy,UPC,Proxy,UPC
0x4d7968ebfd390d5e7926cb3587c39eff2f9fb225,Proxy,UPC,Proxy,UPC
0x4d417489510d749335b17687f510585d9a265ddb,Proxy,UPC,Proxy,UPC
0x4f9c3332d352f1ef22f010ba93a9653261e1634b,Proxy,UPC,Proxy,UPC
0x4febc44f05f6ce0dae0ba90c0c700ed18178063b,Proxy,UPC,Proxy,UPC
0x5f705b4f5bcbd3a3536b20420cc581cbbe280bff,Proxy,UPC,Proxy,UPC
0x5f7e846319c0e297b0ae78b5087189b360d02e4b,Proxy,UPC,Proxy,UPC
0x5fe532f57cebd4528f04efca0f83c3fb5dee4eed,Proxy,UPC,Proxy,UPC
0x1f86cbd67b86c73c9dd59fafbee80d4fd4acaf93,Proxy,UPC,Proxy,UPC
0x406a112f3218b988c66778fd72fc8467f2601366,Proxy,UPC,Proxy,UPC
0x7af66d707d8477ed9f246d29021112f9b588fcf6,Proxy,UPC,Proxy,UPC
0x8ccbe832cf62077662abee27a9f142417f1f85b4,Proxy,UPC,Proxy,UPC
0x71df9dd3e658f0136c40e2e8ec3988a5226e9a67,Proxy,UPC,Proxy,UPC
0xd1dc79bbdf234cf4f9da2d761b07d24aee7dd8d1,Proxy,UPC,Proxy,UPC
0x88578d0198dd5064d07299852083cbcd34daf26b,Proxy,UPC,Proxy,UPC
0xe87e15b9c7d989474cb6d8c56b3db4efad5b21e8,Proxy,UPC,Proxy,UPC
0xc3afaccd86b581a237a5a3aaabb8d173ac852aee,Proxy,UPC,Proxy,UPC
0x95f1a50872768accbbdb728adad920b7eae7680a,Proxy,UPC,Proxy,UPC
0x12e57f85b847bade37f37cde3442f00dc33b9982,Proxy,UPC,Proxy,UPC
0x97d7c6de394631c47760c234f4bcf564889b8721,Proxy,UPC,Proxy,UPC
0x74a9ec513bc45bd04769fdf7a502e9c2a39e2d0e,Proxy,UPC,Proxy,UPC
0x66bfd3ed6618d9c62dcf1ef706d9aacd5fdbccd6,Proxy,UPC,Proxy,UPC
0xd1f408f3f82d6b8c8ddb6c1683a0e0d3f3274de5,Proxy,UPC,Proxy,UPC
0x6afbaf5722d331023e38c02b4a3e3e3142dfe60f,Proxy,UPC,Proxy,UPC
0x6c8a3a2cc9b9831d550433626b262fb9365b5f63,Proxy,UPC,Non-Proxy,Non-UPC
0x6e7a1f7339bbb62b23d44797b63e4258d283e095,Proxy,UPC,Proxy,UPC
0x6f924248562a559d3f5e7bd7ba0791005e539257,Proxy,UPC,Non-Proxy,Non-UPC
0x7a85868b022de89accb90d5616b79d2b10c77bbb,Proxy,UPC,Proxy,UPC
0x7aab4ee6f6012b64e68eb732572bac1a6940ad95,Proxy,UPC,Proxy,UPC
0x07cc353876ae94a361bbefbfde6a6ae4821a8cd3,Proxy,UPC,Proxy,UPC
0x7e2064179ac705a6d0ddc693e1522b221556366b,Proxy,UPC,Proxy,UPC
0x9cb1eeccd165090a4a091209e8c3a353954b1f0f,Proxy,UPC,Non-Proxy,Non-UPC
0x9efb0f4f38afbb4b0984d00c126e97e21b8417c5,Proxy,UPC,Proxy,UPC
0x18aaa7115705e8be94bffebde57af9bfc265b998,Proxy,UPC,Proxy,UPC
0x33c9a1239f29fa9d82d8beddf0f421fad6295d5c,Proxy,UPC,Proxy,UPC
0x33ce1d837b9d5cc24e1d06b586abd6548906e2f4,Proxy,UPC,Proxy,UPC
0x48b37920968500cf515c1bf6a5e83c7887712bf3,Proxy,UPC,Proxy,UPC
0x51addb8f258b8402fb83064bae5301e05e67b0a1,Proxy,UPC,Proxy,UPC
0x51c9a18c87c89a34e1f3fe020b8f406f1300e909,Proxy,UPC,Proxy,UPC
0x57ff2cbf0d1dfd79b497795b2edd3b56f1a30397,Proxy,UPC,Non-Proxy,Non-UPC
0x064c7b5f496f4b72d728aabdda1af2c81b3beacb,Proxy,UPC,Proxy,UPC
0x77dc8c820a3d0804e2a5bb41ec073da2ec4206ef,Proxy,UPC,Proxy,UPC
0x86e117bcd5deb54b79476f24cb474ba5cfd7559c,Proxy,UPC,Proxy,UPC
0x88ee07602398b40b6c6522b1edad1cab1b8374f9,Proxy,UPC,Proxy,UPC
0x171d39e1c5b8c831468b43800e16406d4e9ec847,Proxy,UPC,Proxy,UPC
0x0347ae755bee12d66a653e3e37b7d0ae4105058a,Proxy,UPC,Non-Proxy,Non-UPC
0x351caa9045d65107b9d311d922d15887cfd634e4,Proxy,UPC,Proxy,UPC
0x382a1667c9062f0621362f49076ef6e4fe4c9ec7,Proxy,UPC,Proxy,UPC
0x410e731c2970dce3add351064acf5ce9e33fdbf0,Proxy,UPC,Proxy,UPC
0x0496d94ef879de321cb968be9f356c51fad024e0,Proxy,UPC,Proxy,UPC
0x719d8b63601bbd50cb0394f39c1079641e61b7d1,Proxy,UPC,Proxy,UPC
0x826d758af2fed387ac15843327e143b2cafe9047,Proxy,UPC,Proxy,UPC
0x926e0e6baae4edf77b85bd6035098c75d2ba2899,Proxy,UPC,Proxy,UPC
0x944d99389857f3469857374dd658c93bdff31571,Proxy,UPC,Proxy,UPC
0x2847a5d7ce69790cb40471d454feb21a0be1f2e3,Proxy,UPC,Non-Proxy,Non-UPC
0x8194a6b2be830483b3528ac315946be81b6cfbdb,Proxy,UPC,Proxy,UPC
0x8547bf4d1d6043209b0eea09ba2f50df003b1ccb,Proxy,UPC,Proxy,UPC
0x9469f2cf03148ab166cb31473ed400fa5323482f,Proxy,UPC,Non-Proxy,Non-UPC
0x13104a598095b0446d535486a15b9b8c9df0d8c4,Proxy,UPC,Proxy,UPC
0x017788dded30fdd859d295b90d4e41a19393f423,Proxy,UPC,Proxy,UPC
0x23870fdf149068c0b11704ebc586cfc15b1524a1,Proxy,UPC,Proxy,UPC
0x41711b6ad1e44dc3648c068e1d61d16f79d3815b,Proxy,UPC,Proxy,UPC
0x44617f9dced9787c3b06a05b35b4c779a2aa1334,Proxy,UPC,Proxy,UPC
0x50040b95e06e030e90b67fe158e6c2c085acd867,Proxy,UPC,Non-Proxy,Non-UPC
0x96267a9781522498fd4c280b791bd135780693a1,Proxy,UPC,Proxy,UPC
0x620264b99d786821faf9a3c38072fcdec88e568f,Proxy,UPC,Proxy,UPC
0x788580cc29e1f5f9298b84c73dbd325efc2ec609,Proxy,UPC,Proxy,UPC
0x996652b6c5c4b1154b25515db21b7bbadd40ddfa,Proxy,UPC,Proxy,UPC
0x3047303f8b5948ae70d2e5a993562e6fbbccb91d,Proxy,UPC,Non-Proxy,Non-UPC
0x4082413a6d824ddfb02ac2436041d2a210ea75f7,Proxy,UPC,Proxy,UPC
0x6595618c9a67791226b1bb45e567d66a7a1168b5,Proxy,UPC,Proxy,UPC
0x30634241d3a7fbcea55f0ba7df42dfd8cdd8b2cd,Proxy,UPC,Proxy,UPC
0xa0fdd7e5ba097c8a57897a063266d48f9cf5a0a0,Proxy,UPC,Non-Proxy,Non-UPC
0xa4e9fdb8be41b6e59bdfcdc4ad918aa3943c3dd0,Proxy,UPC,Proxy,UPC
0xa6f8b3ce684e37144745daccb3ef3596e8ee745a,Proxy,UPC,Non-Proxy,Non-UPC
0xa0965fb78d355b8695149af688466f55c40e684d,Proxy,UPC,Proxy,UPC
0xac7e5e3b589d55a43d62b90c6b4c4ef28ea35573,Proxy,UPC,Proxy,UPC
0xad4649a917a0e928d00c3028db63acb07960d25b,Proxy,UPC,Proxy,UPC
0xaeb7f706e8c8da6aa10bf2b430193deea989f014,Proxy,UPC,Proxy,UPC
0xbd668ec47e10d3bf23b1d68139e545162a0dfcfa,Proxy,UPC,Proxy,UPC
0xc1b9eb46c3812b11b98ddacd80736329f3bc4747,Proxy,UPC,Proxy,UPC
0xc1ec30dfd855c287084bf6e14ae2fdd0246baf0d,Proxy,UPC,Proxy,UPC
0xc5cacb708425961594b63ec171f4df27a9c0d8c9,Proxy,UPC,Proxy,UPC
0xc14ff64fac7464501d37cb0a55beb11adef3943a,Proxy,UPC,Non-Proxy,Non-UPC
0xc743a0673a8308193a8795fef030dd540be18f69,Proxy,UPC,Proxy,UPC
0xcf520e3d57e7efabda0885978461d88e846674dd,Proxy,UPC,Proxy,UPC
0xd17a9bc90c582249e211a4f4b16721e7f65156c8,Proxy,UPC,Proxy,UPC
0xd4dc14409ac0beb743597be70f062eacfebc8bc4,Proxy,UPC,Proxy,UPC
0xd43d38254e22487744bce554baca9aa35dfeb9cc,Proxy,UPC,Proxy,UPC
0xd44fd0423e2b9b261dc81c959afe1e67cadde510,Proxy,UPC,Proxy,UPC
0xd77e6bdb5f61bf6d6abb1e8545bcb8ccb2414550,Proxy,UPC,Proxy,UPC
0xd976d3b4f4e22a238c1a736b6612d22f17b6f64c,Proxy,UPC,Proxy,UPC
0xdb9217fad3c1463093fc2801dd0a22c930850a61,Proxy,UPC,Proxy,UPC
0xdda27401e061ef71d17e578034fe54b0c50aa0f9,Proxy,UPC,Proxy,UPC
0xe6d97b2099f142513be7a2a068be040656ae4591,Proxy,UPC,Proxy,UPC
0xe9cc6c4abb8329df3c47edd6784fed2411dce1ed,Proxy,UPC,Proxy,UPC
0xe46bfc3cc81b4032b9aded6a3cef4dfe4ae51b31,Proxy,UPC,Proxy,UPC
0xe47ffbddb8114f0d169cd46b973674f67fbaaf05,Proxy,UPC,Proxy,UPC
0xe892c56c86e3ae682b0aa644cbe87f2aca3bd907,Proxy,UPC,Proxy,UPC
0xeaee3a142ac4e0494bfb60d493b804ca9a739339,Proxy,UPC,Proxy,UPC
0xecbf566944250dde88322581024e611419715f7a,Proxy,UPC,Proxy,UPC
0xf9b0871d3a8dc365f6231653f7d879c9578ed039,Proxy,UPC,Proxy,UPC
0xf83a1748422811b18db69533b0485c9c744b765e,Proxy,UPC,Proxy,UPC
0xf613f773f09eff9b6c5d82a0660176786025aa4c,Proxy,UPC,Proxy,UPC
0xf258391e3daa6c80ec11e9808c9775574137dbd9,Proxy,UPC,Proxy,Non-UPC
0xfe4669f8788ea27976b401d5d3e252cf4d6f8d95,Proxy,UPC,Proxy,UPC
0xc4fa447a0e77eff9717b09c057b40570813bb642,Proxy,UPC,Non-Proxy,Non-UPC
0xf58ec2f599ec32f2ae104984f41c1fb1377eceba,Proxy,UPC,Non-Proxy,Non-UPC
0x7ef0d682280193fb1fb8dc6174f8a0c5bc4f02b0,Proxy,Non-UPC,Proxy,UPC
0x16cea306506c387713c70b9c1205fd5ac997e78e,Proxy,Non-UPC,Proxy,UPC
0x90a48d5cf7343b08da12e067680b4c6dbfe551be,Proxy,Non-UPC,Proxy,UPC
0xade1562cab9b422ccf3037baa613e3c3f392ef9d,Proxy,Non-UPC,Non-Proxy,Non-UPC
0xd6ca32b782497a52a0f0e172da9ae28c1df83b5a,Proxy,Non-UPC,Proxy,UPC
0xf1d8c2eed95d5fc2eade4e6bb15a5969453e89a9,Proxy,Non-UPC,Proxy,UPC
0xff7b5e167c9877f2b9f65d19d9c8c9aa651fe19f,Proxy,Non-UPC,Proxy,UPC
0x4eb82f80858e6974307458b057b875bf3f23c4a0,Proxy,UPC,Non-Proxy,Non-UPC
0x5d24cf40ead0601893c212ff3af4895dc42a760b,Proxy,UPC,Non-Proxy,Non-UPC
0x6c3fa918a9df293330dabb3d7ee3e5e7eeb2626f,Proxy,UPC,Non-Proxy,Non-UPC
0x8a8c01a4d5f542a8efef517768dc4887e973e847,Proxy,UPC,Non-Proxy,Non-UPC
0x25cf9d73b711bff4d3445a0f7f2e63ade5133e67,Proxy,UPC,Non-Proxy,Non-UPC
0x495d3a0530367ed4331833eae74b32d4848401f0,Proxy,UPC,Non-Proxy,Non-UPC
0x951c853c2b0a2a79785742550e6bef1c5e545d87,Proxy,UPC,Non-Proxy,Non-UPC
0xc07a4c1908dd0f02dab972d17841543092e47613,Proxy,UPC,Non-Proxy,Non-UPC
0xd70cf0dd84a2f9a6b8503369e454d49fe78e3084,Proxy,UPC,Non-Proxy,Non-UPC
0xef40f8b376daa24c48e77bca11ebb1d4a4f07fca,Proxy,UPC,Non-Proxy,Non-UPC
0x0b74978ff389f2c720fbf5827ab848b447cccc6b,Proxy,Non-UPC,Non-Proxy,Non-UPC
0x6e1a19f235be7ed8e3369ef73b196c07257494de,Proxy,Non-UPC,Proxy,UPC
0x27dcc3a6db94eca8850b133fb04ed56477f2e900,Proxy,Non-UPC,Non-Proxy,Non-UPC
0x035cccb015a826b754529b4d04587182b8210344,Proxy,Non-UPC,Non-Proxy,Non-UPC
0x50e1a50e244aed8cf3e76a063bbe8a5c6f69ea83,Proxy,Non-UPC,Proxy,Non-UPC
0x69e52392efeba6a8125f45c15aab1790886b9abb,Proxy,Non-UPC,Non-Proxy,Non-UPC
0x7097cc5a9c62f0d68c0863ffe4966b1ea88f526c,Proxy,Non-UPC,Proxy,UPC
0xa5c48ef0301437bb2f5afdda8aedbe817f5e11d6,Proxy,Non-UPC,Non-Proxy,Non-UPC
0xbde8e7f63dfac347b4ac4826ad11749065690039,Proxy,Non-UPC,Proxy,Non-UPC
0xbf698df5591caf546a7e087f5806e216afed666a,Proxy,Non-UPC,Non-Proxy,Non-UPC
0xf1494ae4f883b23053266dfd145b76a3ba1abd40,Proxy,Non-UPC,Non-Proxy,Non-UPC
0x0a625fcec657053fe2d9fffdeb1dbb4e412cf8a8,Proxy,UPC,Proxy,UPC
0x2a9bdcff37ab68b95a53435adfd8892e86084f93,Proxy,UPC,Proxy,UPC
0x6df5cb08d3f0193c768c8a01f42ac4424dc5086b,Proxy,UPC,Proxy,UPC
0x6ee76882400f67584b1610276bc7ee28940112f3,Proxy,UPC,Proxy,UPC
0x8e46456bdc6d55e37b231e4c84aefb12fad12239,Proxy,UPC,Proxy,UPC
0x32e4c68b3a4a813b710595aeba7f6b7604ab9c15,Proxy,UPC,Proxy,UPC
0xb955ee20a7f1d6f9bd68805e6eefe2cbc5d8220d,Proxy,UPC,Proxy,UPC
0xcf04119ec2657f92cc07d62c21d820332f07b900,Proxy,Non-UPC,Proxy,Indecisive
0xd6f5c46d4e1a02f9d145cee41d2f8af30d8d2d76,Proxy,UPC,Proxy,UPC
0xd8ee69652e4e4838f2531732a46d1f7f584f0b7f,Proxy,Non-UPC,Proxy,UPC
0xd8eeb76bf9fec7efe3772383d5f38fd02243e56c,Proxy,UPC,Proxy,UPC
0xef49ea6996073752b6840cda34773ffa78f78166,Proxy,UPC,Non-Proxy,Non-UPC
0xef854fb73815517b06acbb2889a97aedae6bdc72,Proxy,UPC,Proxy,UPC
0x0acf809f5329835335931fa9631f8b7861d3d65c,Proxy,UPC,Proxy,UPC
0x0e41afb50ef97aa02598ebdce4f884c47a22954e,Proxy,UPC,Proxy,UPC
0x1b72255a11df705bb598e670830e03a19f2d242f,Proxy,UPC,Proxy,UPC
0x3cd76b8c1dbaf47051ccb793772ac5f096108869,Proxy,UPC,Proxy,UPC
0x3e0c8881ccb875b5257d800be6ed33e06f500773,Proxy,UPC,Proxy,UPC
0x4d6cfdad8a73745612f5dd85125f06090e87b68c,Proxy,UPC,Proxy,UPC
0x4ea313337eda2b7ae8d86709a7046512dfc4d186,Proxy,UPC,Proxy,UPC
0x7a9f4a92781fb24de8fd162460d443d9c4b8c7c2,Proxy,UPC,Proxy,UPC
0x007d7f360ae0ec72115d3149852e25aea7f7500e,Proxy,UPC,Proxy,UPC
0x8e45ba65b67674d359eb87364981fa50579a0606,Proxy,UPC,Proxy,UPC
0x14b52f6bb94fdaf97788533764ec4d6432f20bec,Proxy,UPC,Proxy,UPC
0x49d2a0c0e1d4fceb22434b2cb6436f315f5beb3e,Proxy,UPC,Proxy,UPC
0x65ca2a9f12db2cb6cf37eed4470fa5f2690241de,Proxy,UPC,Proxy,UPC
0x75bd567130347e150325d370ad886f603ab582a6,Proxy,UPC,Proxy,UPC
0x75f36ea36d3f37d3bafe3bdb52a2de4fda7806de,Proxy,UPC,Proxy,UPC
0x78bc5225777ef86b51e437b2f9f8278cf20ebdee,Proxy,UPC,Proxy,UPC
0x81af92af5ac442a0cb1927bab7cf0a880b9d34db,Proxy,UPC,Proxy,UPC
0x89b748bcddb34e9aa90e743b24eff7c9c1240dd6,Proxy,UPC,Proxy,UPC
0x208c6821b80130e1924969cf47e81838652763d5,Proxy,UPC,Proxy,UPC
0x559b1137d4d3ae6c3b0e657ec065b5db1b6051a3,Proxy,UPC,Proxy,UPC
0x603ec42623d899f3e34af949cb0b926627f0cdfa,Proxy,UPC,Proxy,UPC
0x681bbd0f8fe641441a6f4fb57a8785036b833b6d,Proxy,UPC,Proxy,UPC
0x933bcc3b0d1eea2a485424ec6573b29742cddf72,Proxy,UPC,Proxy,UPC
0x02706fda07c272929655ffa811920aba270a1444,Proxy,UPC,Proxy,UPC
0x7058ee5467edef417746aab0b8cabbbe36ef1798,Proxy,UPC,Proxy,UPC
0x9792ee4c36a622a8cf9566b037c57519a9fe8a56,Proxy,UPC,Proxy,UPC
0x57090d9d1650b91976d1d3f9c2bceb411b64e360,Proxy,UPC,Proxy,UPC
0x661449dee9e8c576a458ef6eef549ff8af6f2731,Proxy,UPC,Proxy,UPC
0x77164825d2867cfd1de17febc970877f9368fed7,Proxy,UPC,Proxy,UPC
0x00832130896b1992f6be24a4130e5e1e56d29d65,Proxy,UPC,Proxy,UPC
0xa0cef694c7d1cc1958638e579439ec64cd15ce15,Proxy,UPC,Proxy,UPC
0xa9ce26a7f2a206d165c0aff83bbcdf81fd4b489e,Proxy,UPC,Proxy,UPC
0xa60cb5af1b7b529d42dcdd114c6ae5300250b1db,Proxy,UPC,Proxy,UPC
0xa64cf4fc6003f34de14e19abdde85830a3266ee6,Proxy,UPC,Proxy,UPC
0xa991356d261fbaf194463af6df8f0464f8f1c742,Proxy,UPC,Proxy,UPC
0xcc572773f1b14580f654e3d6a6759d7a5e8147d3,Proxy,UPC,Proxy,UPC
0xc9f24fdcb53b5aaec60da153c4c83f18f42da031,Proxy,UPC,Proxy,UPC
0xc6eca979b0d17c348055733bb84e94f5c655cd52,Proxy,UPC,Proxy,UPC
0xbdc6b0a1bd003eb9b6c72f5103e96466faa16739,Proxy,UPC,Proxy,UPC
0xaf6419a2c9997d7e6fed001695822d5c1101b08d,Proxy,UPC,Proxy,UPC
0xae8dc65a012970345ecb5ff05479b2f3014d2090,Proxy,UPC,Proxy,UPC
0xaa03f14f557b5310f616fae406b055399f982f28,Proxy,UPC,Proxy,UPC
0xd475b83c3af988e03207cd43997566686a812d7e,Proxy,UPC,Proxy,UPC
0xd714d91a169127e11d8fab3665d72e8b7ef9dbe2,Proxy,UPC,Proxy,UPC
0xd7800a3c48edd22f71e9a96926f627e41dd57dd8,Proxy,UPC,Proxy,UPC
0xda3a932599abf754a9045a2c0013d323f1e1038a,Proxy,UPC,Proxy,UPC
0xdf7d362d1e3e5db29c0b0a1ae75064523c2b2d9f,Proxy,UPC,Proxy,UPC
0xe373290c4724ad49a8119ea959dcd9f434b245b1,Proxy,UPC,Proxy,UPC
0xe24bef4101317acb870c3ef3d4a1e739fdcf6232,Proxy,UPC,Proxy,UPC
0xec981587604e4f87be73b2c159272d5e39d9dfd5,Proxy,UPC,Proxy,UPC
0xf644f1341eb9bfa37003b2be2db39e2386b66053,Proxy,UPC,Proxy,UPC
0xf5652c49150560d1e60385aef4ff3380fdfb25c8,Proxy,UPC,Proxy,UPC
0xff5f5404e183c486ffe11217f8054456ad6f9be7,Proxy,UPC,Proxy,UPC
0x0a4f4e92c3334821ebb523324d09e321a6b0d8ec,Proxy,UPC,Proxy,UPC
0x0bfec35a1a3550deed3f6fc76dde7fc412729a91,Proxy,UPC,Proxy,UPC
0x0f4c00139602ab502bc7c1c0e71d6cb72a9fb0e7,Proxy,UPC,Proxy,UPC
0x01bc34a296013cbda3faf3b7328f3675d08f04c2,Proxy,UPC,Proxy,UPC
0x1c1fd689103bbfd701b3b7d41a3807f12814033d,Proxy,UPC,Proxy,UPC
0x1d45a6454484f2fd2c01fd803b9fa65f85a31afe,Proxy,UPC,Proxy,UPC
0x1e436bc9209ad6f165d6436953486aaf00286621,Proxy,UPC,Non-Proxy,Non-UPC
0x2a3bff78b79a009976eea096a51a948a3dc00e34,Proxy,UPC,Proxy,UPC
0x2b5455aac8d64c14786c3a29858e43b5945819c0,Proxy,UPC,Proxy,UPC
0x2bb864cdb4856ab2d148c5ca52dd7ccec126d138,Proxy,UPC,Proxy,UPC
0x3a75b1772a67bf227312383071829853d29c7925,Proxy,UPC,Proxy,UPC
0x3b3ee1931dc30c1957379fac9aba94d1c48a5405,Proxy,UPC,Proxy,UPC
0x3b823864cd0cbad8a1f2b65d4807906775becaa7,Proxy,UPC,Proxy,UPC
0x03f34be1bf910116595db1b11e9d1b2ca5d59659,Proxy,UPC,Proxy,UPC
0x3f204a06ab6a6b6bb437b58ae39b56b906927d95,Proxy,UPC,Non-Proxy,Non-UPC
0x4a84446df3bf431f397a7dc9e6306636c1216554,Proxy,UPC,Proxy,UPC
0x4b92d19c11435614cd49af1b589001b7c08cd4d5,Proxy,UPC,Proxy,UPC
0x4b671119abc735dd475b30065ad508076f9a78ba,Proxy,UPC,Non-Proxy,Non-UPC
0x4b1844168ab674c97474c6ef4ae47cad7b1c481d,Proxy,UPC,Proxy,UPC
0x4ea2684b087e0b8cb0bfa5d4792b266b17b43f9c,Proxy,UPC,Proxy,UPC
0x4f3e7a4566320b2709fd1986f2e9f84053d3e2a0,Proxy,UPC,Proxy,UPC
0x4fe836b28adc7867290764885b24d3992daee819,Proxy,UPC,Proxy,UPC
0x5db74532743006b82b3515115ca46f506534bc27,Proxy,UPC,Proxy,UPC
0x5dce29e92b1b939f8e8c60dcf15bde82a85be4a9,Proxy,UPC,Proxy,UPC
0x5e7a939f77e5c441e2ba1dc8be5d42020193376d,Proxy,UPC,Proxy,UPC
0x05ec4356e1acd89cc2d16adc7415c8c95e736ac1,Proxy,UPC,Proxy,UPC
0x6a844e11364757535411760c319f352b7cf8e1e0,Proxy,UPC,Proxy,UPC
0x6b33f15360cedbfb8f60539ec828ef52910aca9b,Proxy,UPC,Proxy,UPC
0x6d9cc14a1d36e6ff13fc6efa9e9326fcd12e7903,Proxy,UPC,Proxy,UPC
0x6da7d857ceecedf2c31716997795f2ad0db43019,Proxy,UPC,Non-Proxy,Non-UPC
0x7d0398d7d7432c47dffc942cd097b9ea3d88c385,Proxy,UPC,Non-Proxy,Non-UPC
0x7dd08c5a4ce91cf862223330dd373e36fe94189b,Proxy,UPC,Proxy,UPC
0x7f3edcdd180dbe4819bd98fee8929b5cedb3adeb,Proxy,UPC,Proxy,UPC
0x8a8ffec8f4a0c8c9585da95d9d97e8cd6de273de,Proxy,UPC,Proxy,UPC
0x08b641f9a2b8a7ad9b7fbbd1f178112aad3c571d,Proxy,UPC,Non-Proxy,Non-UPC
0x8c76970747afd5398e958bdfada4cf0b9fca16c4,Proxy,UPC,Proxy,UPC
0x9b4efa18c0c6b4822225b81d150f3518160f8609,Proxy,UPC,Proxy,UPC
0x9e1701c12d7f79affb9c099710d40ecca68fe9b8,Proxy,UPC,Non-Proxy,Non-UPC
0x19a0420b98f9a34b2b9db3bcba35a6fffebb7add,Proxy,UPC,Proxy,UPC
0x19cd3998f106ecc40ee7668c19c47e18b491e8a6,Proxy,UPC,Proxy,UPC
0x28e07714500bc44f3f324e4cfcffb0e9358ec41c,Proxy,UPC,Proxy,UPC
0x047fd363e01f39b132672eaf372bc01d2c7e2dca,Proxy,UPC,Non-Proxy,Non-UPC
0x53c8e199eb2cb7c01543c137078a038937a68e40,Proxy,UPC,Proxy,UPC
0x55d9163c77b42a2fa80f912eaef3effab8b9a2f2,Proxy,UPC,Proxy,UPC
0x62cc514824b080707ffc0b0f64f992f38b974f9d,Proxy,UPC,Proxy,UPC
0x077eef823c94c680f3cc376db9cebcf610142bf6,Proxy,UPC,Proxy,UPC
0x78f32e50c5771b32eba7ef227a9e06c4daf922ae,Proxy,UPC,Non-Proxy,Non-UPC
0x86d832cb87e2a586c6ae855b9a4af22de1d5bae3,Proxy,UPC,Proxy,UPC
0x92fd572889af5d0ec0df7fb4c8ce4b95edc50aad,Proxy,UPC,Proxy,UPC
0x343a1cae36b1ca047b24fc2780869dc2c1b84137,Proxy,UPC,Proxy,UPC
0x375ad9a4415d2ec6467000836e3086f53159f2cc,Proxy,UPC,Proxy,UPC
0x375c48a3a3685d7e28eb45e612da6dd51c7e38e0,Proxy,UPC,Proxy,UPC
0x522bb024c339a12be1a47229546f288c40b62d29,Proxy,UPC,Proxy,UPC
0x692f4fc86cbac6d6b9cca4039405317445a4f98c,Proxy,UPC,Proxy,UPC
0x717bcd3a04ccf7656368d3bab07bc678b4de1b52,Proxy,UPC,Proxy,UPC
0x768be5c3ec558c16b10bd35d4b3e3800b7032ea2,Proxy,UPC,Proxy,UPC
0x800b8b05a9fb13deba0550114bc65f8deeae1203,Proxy,UPC,Non-Proxy,Non-UPC
0x844be1f096894d3bfc44640dc2875ca3c7f20827,Proxy,UPC,Proxy,UPC
0x866f10e305f01d829dea993bac71ffc5a76efa06,Proxy,UPC,Proxy,UPC
0x4599f2913a3db4e73aa77a304ccc21516dd7270d,Proxy,UPC,Non-Proxy,Non-UPC
0x6582a5b139fc1c6360846efdc4440d51aad4df7b,Proxy,UPC,Proxy,UPC
0x6615e67b8b6b6375d38a0a3f937cd8c1a1e96386,Proxy,UPC,Proxy,UPC
0x6778cd0602afba246cd54c1e3c6d8e136bb31211,Proxy,UPC,Proxy,UPC
0x7696f9208f9e195ba31e6f4b2d07b6462c8c42bb,Proxy,UPC,Non-Proxy,Non-UPC
0x8646d53a8fe7bb05dc5fcf76c5dd8d2a138e195d,Proxy,UPC,Proxy,UPC
0x8751d4196027d4e6da63716fa7786b5174f04c15,Proxy,UPC,Proxy,UPC
0x8879d700aedd31c4f69bb9860bab7991403c09d8,Proxy,UPC,Proxy,UPC
0x55912d0cf83b75c492e761932abc4db4a5cb1b17,Proxy,UPC,Proxy,UPC
0x155482d1e2cb0909333326504f0ea4350760c927,Proxy,UPC,Proxy,UPC
0x353200ed9f63fa7804816b336d50e9f0d7c88d2c,Proxy,UPC,Proxy,UPC
0xb9a6ff1072110cdee95d9368e9e71fcb128bdd53,Proxy,UPC,Proxy,UPC
0xb10b3af646afadd9c62d663dd5d226b15c25cdfa,Proxy,UPC,Non-Proxy,Non-UPC
0xb97a89c5ac5bf4186a705d67b87711b3bf458e1f,Proxy,UPC,Proxy,UPC
0xbc16bcb59fa93aa0825ab2618d93e9449eb44246,Proxy,UPC,Proxy,UPC
0xbcd8ba681881650c1a10471227892ed223ffb276,Proxy,UPC,Proxy,UPC
0xbde7bd6a4da5c972532ad8a973deb67d36be8d35,Proxy,UPC,Proxy,UPC
0xbe08ef12e4a553666291e9ffc24fccfd354f2dd2,Proxy,UPC,Proxy,UPC
0xbf0e27fdf5ef7519a9540df401cce0a7a4cd75bc,Proxy,UPC,Non-Proxy,Non-UPC
0xc2e9678a71e50e5aed036e00e9c5caeb1ac5987d,Proxy,UPC,Proxy,UPC
0xc014c026d92c03cd3a8fdee6f2cafdc9254f5c9f,Proxy,UPC,Proxy,UPC
0xca4b98ca964713287a36224364dbed15c9b7abc3,Proxy,UPC,Proxy,UPC
0xca8d787f741e6dc35dd2e4b7f8002c638464fc7f,Proxy,UPC,Proxy,UPC
0xcaed73bcdd45d2469b1287a7c21d7a31b2bb7b35,Proxy,UPC,Proxy,UPC
0xcd6f280e766b5017a270bc657526bbefc1239c9f,Proxy,UPC,Proxy,UPC
0xf1ded284e891943b3e9c657d7fc376b86164ffc2,Proxy,UPC,Proxy,UPC
0xf349c0faa80fc1870306ac093f75934078e28991,Proxy,UPC,Proxy,UPC
0xf4146a176b09c664978e03d28d07db4431525dad,Proxy,UPC,Proxy,UPC
0xf9512aaa68ee8ea73c2244e9f75202ff022d0ef1,Proxy,UPC,Proxy,UPC
0xf188370a51e0713457c8b72c114bc522be348682,Proxy,UPC,Proxy,UPC
0xfa9b7e3bd77f5aef4e305cacc2847f83e68bd7e6,Proxy,UPC,Proxy,UPC
0xfbddadd80fe7bda00b901fbaf73803f2238ae655,Proxy,UPC,Proxy,UPC
0xcda72070e455bb31c7690a170224ce43623d0b6f,Proxy,UPC,Proxy,UPC
0xce7508ec8638c85dd0173164fec47fa705d0e57e,Proxy,UPC,Proxy,UPC
0xcf6e61fe1cb37e83cb590eaee57d660089748077,Proxy,UPC,Proxy,UPC
0xd71ac3c4484da01c6a577506e6c85f310a8867a4,Proxy,UPC,Proxy,UPC
0xdbda6fa60c48a7da8e0c7ae25a20fd089c0f6a1f,Proxy,UPC,Proxy,UPC
0xe1e546e25a5ed890dff8b8d005537c0d373497f8,Proxy,UPC,Proxy,UPC
0xe1406825186d63980fd6e2ec61888f7b91c4bae4,Proxy,UPC,Proxy,UPC
0xfccba70c8c9ae907fbabfd52d7c3db5b938fd4d8,Proxy,UPC,Proxy,UPC
0xff26f400e57bf726822eacbb64fa1c52f1f27988,Proxy,UPC,Proxy,UPC
0x45de01211c412bddb9952831890bd9b68da6b136,Proxy,UPC,Non-Proxy,Non-UPC
0x2d641867411650cd05db93b59964536b1ed5b1b7,Proxy,UPC,Proxy,UPC
0x9923263fa127b3d1484cfd649df8f1831c2a74e4,Proxy,UPC,Proxy,UPC
0xbe1a3b1857bcc9acae6b405cf293f2229ef9ea5b,Proxy,UPC,Proxy,UPC
0xdb2382413bcb9c2f1b6b62b52238558266361d68,Proxy,UPC,Proxy,UPC
0xc58641ae25d1e368393cad5cce2cca3c80d8fff6,Proxy,UPC,Proxy,UPC
0xd092f354f7170984d406c15e091f56853d0e29bf,Proxy,UPC,Proxy,UPC
0xd6a995d1e9e5d408baf56dd376ef8db96e78fba0,Proxy,UPC,Proxy,UPC
0xeea5906291bed7e9d7ef19c58a6ac6b41dd4b5fd,Proxy,UPC,Non-Proxy,Non-UPC
0x86c85a9bf5deafded40d9c70517883d95f50df03,Proxy,UPC,Proxy,UPC
0x56746a8099a7e6d962802a23e01feddc1282cdae,Proxy,UPC,Proxy,UPC
0xbe0e1ffecf8621191096f76d12439595234f8b38,Proxy,UPC,Proxy,UPC
0xfd9c2b86f71c1484bc51f97bd9e323cb2cd475c9,Proxy,UPC,Proxy,UPC
0x3a6a6c89be2db6e8e938156cb42c41551a53bec5,Proxy,Non-UPC,Proxy,Indecisive
0x3c4754b350f31e30d1f035564c0b6ef46aa925b5,Proxy,UPC,Non-Proxy,Non-UPC
0x4cffc147f4e5d6227d3adba93bba7d8bba124ba5,Proxy,UPC,Proxy,UPC
0x27ee601bf94969f112487ff13acb6856ec86c8a2,Proxy,UPC,Non-Proxy,Non-UPC
0x34d50b679bb74a3d4d27a82594e527aea78ec548,Proxy,UPC,Non-Proxy,Non-UPC
0x73fddfb941c11d16c827169bb94acc227841c396,Proxy,UPC,Proxy,UPC
0x464c71f6c2f760dda6093dcb91c24c39e5d6e18c,Proxy,UPC,Proxy,UPC
0x02827d495b2bbe37e1c021eb91bcdcc92cd3b604,Proxy,UPC,Non-Proxy,Non-UPC
0x5191d56fd4568379932bbf2321ba978072fac24e,Proxy,UPC,Proxy,UPC
0x7583a7a3852f742bbc66855f3502f1c512a0ad6e,Proxy,UPC,Non-Proxy,Non-UPC
0x66386885c7fb8b81126c58c3f5ea533fc472139e,Proxy,UPC,Non-Proxy,Non-UPC
0xbfe13cb6e2731e4740424804e86e5d8251e4cae5,Proxy,UPC,Non-Proxy,Non-UPC
0xc34a8afbbc912feb57881cd033825e9a199cf6bf,Proxy,UPC,Non-Proxy,Non-UPC
0xf1afa2f0abae3da08e5d181ea2e5d7481ce3b481,Proxy,UPC,Non-Proxy,Non-UPC
0xfb87c9e3874870e339b6538a89ab03569aeb8be7,Proxy,UPC,Proxy,UPC
0xbe7e6a7cd3bebc1776e64e988bd1518aa3ad29a4,Proxy,UPC,Proxy,UPC
0xbe9c5da3624a098c05df874b6b7e357859341294,Proxy,UPC,Non-Proxy,Non-UPC
0x97ce06c3e3d027715b2d6c22e67d5096000072e5,Proxy,UPC,Proxy,UPC
0x0a62cc5ebfa79b155b4ec90e74c00e0176692772,Proxy,UPC,Proxy,UPC
0x0c41a8613fbefcc8d6e5df1020dbb336f875247f,Proxy,UPC,Proxy,UPC
0x1c0b9c1995ea61f8fb505e4d94aa32b0c024899e,Proxy,UPC,Proxy,UPC
0x2c9e7a3009f4a1c289a3608067d6f13a39e362d6,Proxy,UPC,Proxy,UPC
0x2dcf322d66cb77a05f66fdff93e3678df7e44dea,Proxy,UPC,Proxy,UPC
0x3d8b8d4ad81acf56e44ddee068930d8860b4ef71,Proxy,UPC,Proxy,UPC
0x4d77686ec56b2704707306bad1078297bbf6fbc8,Proxy,UPC,Proxy,UPC
0x5cd06410e6e9469520cfde70e1b7f5aa1bc46eb7,Proxy,UPC,Proxy,UPC
0x5f5cd91070960d13ee549c9cc47e7a4cd00457bb,Proxy,UPC,Proxy,UPC
0x7c175a3fd4d2f14e40ac418a1e004dfc8edd3ba8,Proxy,UPC,Proxy,UPC
0x7fa7df4996ac59f398476892cfb195ed38543520,Proxy,UPC,Proxy,UPC
0x7fc3ec3574d408f3b59cd88709bacb42575ebf2b,Proxy,UPC,Proxy,UPC
0x8dae6cb04688c62d939ed9b68d32bc62e49970b1,Proxy,UPC,Proxy,UPC
0x8db1d28ee0d822367af8d220c0dc7cb6fe9dc442,Proxy,UPC,Proxy,UPC
0x26b8efa69603537ac8ab55768b6740b67664d518,Proxy,UPC,Proxy,UPC
0x37e9971f30c1354f3391c415dbd642e2b27c7c6f,Proxy,UPC,Proxy,UPC
0x53aa48b2ac0071a6ce61ddb3ba4e41d395b2db51,Proxy,UPC,Proxy,UPC
0x55bf8304c78ba6fe47fd251f37d7beb485f86d26,Proxy,UPC,Proxy,UPC
0x74f0ef73242c32375dda80e8c45af1d463916d1a,Proxy,UPC,Proxy,UPC
0x79f78e3c06be03cb6c459eadfd8ab9f080e0c40b,Proxy,UPC,Proxy,UPC
0x090ece252cec5998db765073d07fac77b8e60cb2,Proxy,UPC,Non-Proxy,Non-UPC
0x91df0ffc1b95113ba1f41ca0669fccaec0f55876,Proxy,UPC,Proxy,UPC
0x187e8e5c70457c756a5779aeb2227ef098bca776,Proxy,UPC,Proxy,UPC
0x247b6b13ad67d9c795a25c1d9a6c3857166e4b1a,Proxy,UPC,Proxy,UPC
0x253f7b06c1d60c1fbbc9d82c301327eb86e3ba81,Proxy,UPC,Proxy,UPC
0x555ddd7c3999010cff0ae3671d31cb376fa638f0,Proxy,UPC,Proxy,UPC
0x567c268a3af060088e53f6487872eb7d31dffa4f,Proxy,UPC,Proxy,UPC
0x599d92b453c010b1050d31c364f6ee17e819f193,Proxy,UPC,Proxy,UPC
0x736b93accd72d87d0dca59fc381f0196ebba0d9b,Proxy,UPC,Proxy,UPC
0x1337def1670c54b2a70e590b5654c2b7ce1141a2,Proxy,UPC,Proxy,UPC
0x6352a56caadc4f1e25cd6c75970fa768a3304e64,Proxy,UPC,Proxy,UPC
0x6511d8686eb43eac9d4852458435c1bec4d67bc6,Proxy,UPC,Proxy,UPC
0x46262af08d6b795efb08b4a6e486208f889e0c60,Proxy,UPC,Proxy,UPC
0x71535ad4c7c5925382cdeadc806371cc89a5085d,Proxy,UPC,Proxy,UPC
0x946969e5347cf4f7a251829b12b7ecae911db4a1,Proxy,UPC,Proxy,UPC
0x1348376f7731ba1f538fc59e3dd391a14815d01c,Proxy,UPC,Proxy,UPC
0x5593143eae5000983bb015b2e0ac35c125b3376c,Proxy,UPC,Proxy,UPC
0xa01b656e49efbb8210d882a1f1a4d10f5cada8cc,Proxy,UPC,Proxy,UPC
0xa8acec8cb32e6dc14fc4dbc4d218f4cea5b90fe0,Proxy,UPC,Proxy,UPC
0xaaad6414d2008e0fba776dd7db89f041d164f1c4,Proxy,UPC,Proxy,UPC
0xaeeac2e7a0e2b927b74e9080acadb936437088dd,Proxy,UPC,Proxy,UPC
0xb09c0a4469b862c51391d85c5a4f64db41a3c7d3,Proxy,UPC,Proxy,UPC
0xb08fe5debb2838d9f4a91132c3a87678007da9a3,Proxy,UPC,Proxy,UPC
0xb9fb8a22908c570c09a4dbf5f89b87f9d91fbf4a,Proxy,UPC,Proxy,UPC
0xba5ebaf3fc1fcca67147050bf80462393814e54b,Proxy,UPC,Proxy,UPC
0xcd55262c3ea354a58661597f71037d5fa26b72bd,Proxy,UPC,Proxy,UPC
0xd395e7d8ef2857252cb6e8d108b05f802d041df2,Proxy,UPC,Non-Proxy,Non-UPC
0xd3d5a88461bd20494ecdf6b57d0fd4b20da6b3bb,Proxy,UPC,Non-Proxy,Non-UPC
0xd5df2a8b6dcc3e4730703a9c1d65c4cf8d591337,Proxy,UPC,Proxy,UPC
0xd85ac522a67666bdc625d91051bd7aa6a1d91ebe,Proxy,UPC,Proxy,UPC
0xd409c506742b7f76f164909025ab29a47e06d30a,Proxy,UPC,Proxy,UPC
0xd897b5458afe7e2dc26d94ec33cf7d09a9158568,Proxy,UPC,Proxy,UPC
0xd784927ff2f95ba542bfc824c8a8a98f3495f6b5,Proxy,UPC,Proxy,UPC
0xd13689e8da0ed95b55100e27b7dbc95c03b5259b,Proxy,UPC,Non-Proxy,Non-UPC
0xd42e3efdd5714fdddf93c48e992314d09b91d298,Proxy,UPC,Proxy,UPC
0xe6f7261b13ea6afb39a5dc98ff1a652761bb42ae,Proxy,UPC,Proxy,UPC
0xed6ff6254e5b0c57de2389a19c1a09cad16fe318,Proxy,UPC,Proxy,UPC
0xedf06b25e92f645e1bee98ffc72781f11ed523f8,Proxy,UPC,Non-Proxy,Non-UPC
0xea8567d84e3e54b32176418b4e0c736b56378961,Proxy,UPC,Proxy,UPC
0xed24bd79a3f2ba4325e9c553164e299c65e272fc,Proxy,UPC,Non-Proxy,Non-UPC
0xfb03559227dd73e82008a6952eccbba5088c16d8,Proxy,UPC,Proxy,UPC
0xfbacbc64e684c0c5bf572fc6d42458c3e3fd1d1d,Proxy,UPC,Non-Proxy,Non-UPC
0x0baba1ad5be3a5c0a66e7ac838a129bf948f1ea4,Proxy,UPC,Proxy,UPC
0x0c8dbfb40a324674ad26fe7aeccd4c654036aa82,Proxy,UPC,Non-Proxy,Non-UPC
0x0cb9dab71dd14951d580904825e7f0985b29d375,Proxy,UPC,Proxy,UPC
0x1b71b5820c871ffc6733bb7859866df05827dc94,Proxy,UPC,Non-Proxy,Non-UPC
0x3c294fcf74129d649325f8995afc2f9cfafab9da,Proxy,UPC,Non-Proxy,Non-UPC
0x4fb117dcd6d09abf1a99b502d488a99f5a17e7ec,Proxy,UPC,Non-Proxy,Non-UPC
0x5d584344246c59231be750865cccab27309e1bfd,Proxy,UPC,Proxy,UPC
0x7afb8ba591f0e22486e2e040ee213aeb86413820,Proxy,UPC,Non-Proxy,Non-UPC
0x57d5abd74d813a9838d4d8ba7246e983ca1b5b6b,Proxy,UPC,Non-Proxy,Non-UPC
0x64aee7c9a23d6e4f4dd033205c23833e62a83b0e,Proxy,UPC,Non-Proxy,Non-UPC
0x72bea880b07b3c814c1753a1d1c3bdefe23af3dd,Proxy,UPC,Non-Proxy,Non-UPC
0x95a28a02ffb969e48b78554777f223445661fb9f,Proxy,UPC,Proxy,UPC
0x166df39721b2fd26d4907f91df74f6ae064a38ae,Proxy,UPC,Non-Proxy,Non-UPC
0x829ce855af88e3f6c6306de25c04fbc01394f680,Proxy,UPC,Non-Proxy,Non-UPC
0x6325d247696d39ee59ffd931a87e022a68bbbe4f,Proxy,UPC,Proxy,UPC
0x8551fe601a77b80572d69278ef0cf046356093da,Proxy,UPC,Proxy,UPC
0x3451692a426899f363fe43193aa2f30fad068296,Proxy,UPC,Proxy,UPC
0xa01d4d1fe18a34902ac2e4045a5e8f553dde9685,Proxy,UPC,Non-Proxy,Non-UPC
0xae9564269b75f67510bf20a512632869e3d42217,Proxy,UPC,Proxy,UPC
0xb0b3e52e432b80d3a37e15ab6bbf4673225e160f,Proxy,UPC,Proxy,UPC
0xfbced1b6baf244c20ae896baac1d74d88c6e0cd5,Proxy,UPC,Proxy,UPC
0xe293bf6bcf1a72768da0209f437491046359b9f2,Proxy,UPC,Proxy,UPC
0xdff92dcc99150df99d54bc3291bd7e5522bb1edd,Proxy,UPC,Proxy,UPC
0xc8f1999009f6cb7d712a25ca219e0ff2a9ea0290,Proxy,UPC,Proxy,UPC
0xb8434f35f15808d45b8285cd4d59cd94894d385d,Proxy,UPC,Proxy,UPC
0xcfba78aecfbcc0b4b748fa58c530d4675bb5d32f,Proxy,UPC,Non-Proxy,Non-UPC
0x50e9748639a2dee9ec7454222ff38150a5290a9b,Proxy,UPC,Non-Proxy,Non-UPC
0x6e0f736a2a0b81e7d8b7d6ac3608ac977341ba4f,Proxy,UPC,Non-Proxy,Non-UPC
0x9a6e7ddff15bbba5e2b464677bd1dd06512e7e00,Proxy,UPC,Proxy,UPC
0x2f5fa2759d7a428435530dc497d01621e1aee9f6,Proxy,UPC,Proxy,UPC
0x47f29657fd9f76710452208e9b12d8e9745e595c,Proxy,Non-UPC,Proxy,Non-UPC
0x69f0398790b9f8fa814237929e03712bfa3951c0,Proxy,Non-UPC,Proxy,Non-UPC
0x71d5ba4e37de72415f685490b684538aae8f0424,Proxy,Non-UPC,Non-Proxy,Non-UPC
0x3efa9b4b936d8dcb4887ba147c8192f8f872502e,Proxy,Non-UPC,Non-Proxy,Non-UPC
0x4c278bf25b7dae52e2179dd76ff9fb45d18a1510,Proxy,Non-UPC,Non-Proxy,Non-UPC
0x8eb3b7d8498a6716904577b2579e1c313d48e347,Proxy,Non-UPC,Non-Proxy,Non-UPC
0x89d321fc71abcd71045e7686c450d06e26cc1dc8,Proxy,UPC,Non-Proxy,Non-UPC
0x543fb43e829cceec32b623dfed83ef3622bfb9d5,Proxy,Non-UPC,Non-Proxy,Non-UPC
0x94447a6f0e6be5a4df198882ffd285a763bf98c3,Proxy,Non-UPC,Non-Proxy,Non-UPC
0xbff710596303be97961d6421e4c2c05b3b73afe0,Proxy,Non-UPC,Non-Proxy,Non-UPC
0xd116e81265f4aa1db8e4851feef7061afd9f9e3a,Proxy,UPC,Non-Proxy,Non-UPC
0x0fd10b9899882a6f2fcb5c371e17e70fdee00c38,Proxy,UPC,Proxy,UPC
0x4a33e0123e59a5874955b469ab2c0b626bbf3670,Proxy,UPC,Proxy,UPC
0x4daa3c4c0a253c1e6c6fcb0705e5c64d21cf9c59,Proxy,UPC,Non-Proxy,Non-UPC
0x4f8e0c546e0d0188e0d8107a4709482b4796a100,Proxy,UPC,Proxy,UPC
0x5b56d9679532024513e938feba7851d1b3f6070e,Proxy,UPC,Proxy,UPC
0x0062bb52986ebeae585898e63667d9d760ff75a0,Proxy,UPC,Proxy,UPC
0x78a7f7929219c88b8e8265ae606981d8a3056ad6,Proxy,UPC,Proxy,UPC
0x93bf14c7cf7250b09d78d4eadfd79fca01bad9f8,Proxy,UPC,Proxy,UPC
0x239a883df042b1480e9230082697c67c1afaa46d,Proxy,UPC,Proxy,UPC
0x0966a53f2533eaf01d0bb2fa0e2274f3002287f1,Proxy,UPC,Proxy,UPC
0x05658a207a56aa2d6b2821883d373f59ac6a2fc3,Proxy,UPC,Proxy,UPC
0x43873edf7de0162bf985b3e6c6d0bbdd63682768,Proxy,UPC,Proxy,UPC
0x85543da0db5cf305f0522f0be2edaa105c72b0cf,Proxy,UPC,Proxy,UPC
0x91410a819cc37d80b1a6d5459e260b52362d8625,Proxy,UPC,Proxy,UPC
0x742133180738679782538c9e66a03d0c0270ace8,Proxy,UPC,Proxy,UPC
0xa97c0e80d7ba1ce6400e0e416ee4027303f72713,Proxy,UPC,Non-Proxy,Non-UPC
0xa2917335574033a8ebb4251c8f6a6d10e3f2bd56,Proxy,UPC,Proxy,UPC
0xc2dae17ba362fc4282363f4cdbd03ba2a43257cd,Proxy,UPC,Proxy,UPC
0xb3e0edda8c2aeabfdece18ad7ac1ea86eb7d583b,Proxy,UPC,Non-Proxy,Non-UPC
0xc013a3b36b5655a00dcbee15ee9a6d59802fb7c3,Proxy,UPC,Proxy,UPC
0xd626547ec8f44e7075f36091e7fd898af4342ee6,Proxy,UPC,Proxy,UPC
0xed7c1848fa90e6cda4faac7f61752857461af284,Proxy,UPC,Proxy,UPC
0xf38a689712a6935a90d6955ed6b9d0fa7ce7123e,Proxy,UPC,Proxy,UPC
0x6f8266ed462bf7d8c226566275467a2a49b40471,Proxy,UPC,Proxy,Non-UPC
0x9c32185b81766a051e08de671207b34466dd1021,Proxy,UPC,Proxy,UPC
0xcf4e2ccb2806ad3cef69e0cb5376d3cbc1ff2804,Proxy,UPC,Proxy,UPC
0x5e3646a1db86993f73e6b74a57d8640b69f7e259,Proxy,UPC,Proxy,UPC
0x5f0366c9962193fa774cdce9602195593b49f23c,Proxy,UPC,Proxy,UPC
0x6c187c6c82e41bb9976ff3d0fe0794e8c48c5da5,Proxy,UPC,Proxy,UPC
0x7f899e0cf9bc5f4d8bb3ca9df30d901dd000f16d,Proxy,UPC,Non-Proxy,Non-UPC
0x8c0c88b15c76ea17d47e3df61a37d761b3bbb9f0,Proxy,UPC,Proxy,UPC
0x9a1fc8c0369d49f3040bf49c1490e7006657ea56,Proxy,UPC,Proxy,UPC
0x9c459eeb3fa179a40329b81c1635525e9a0ef094,Proxy,UPC,Proxy,UPC
0x19c00323cafc23c4d72c1a25f0f78e769deaeef7,Proxy,UPC,Non-Proxy,Non-UPC
0x33a0525410f4532221df6201ca8b013217c9232d,Proxy,UPC,Proxy,UPC
0x84d573e351ec508834bbf361c63142c33f655677,Proxy,UPC,Non-Proxy,Non-UPC
0x96d1e9d25bd949b6811e2844aca63cb3cfce68af,Proxy,UPC,Proxy,UPC
0x367b2c045e15c3e653b55e08f18c1ee851a46207,Proxy,UPC,Non-Proxy,Non-UPC
0x945facb997494cc2570096c74b5f66a3507330a1,Proxy,UPC,Proxy,UPC
0x77648a2661687ef3b05214d824503f6717311596,Proxy,UPC,Proxy,UPC
0x269616d549d7e8eaa82dfb17028d0b212d11232a,Proxy,UPC,Proxy,UPC
0xd769540991c9343d53ed90f71b38f64056a7bc57,Proxy,UPC,Proxy,UPC
0xf3c384b9321abd6c0a6cbd1fddf97d4b125c6b81,Proxy,UPC,Proxy,UPC
0xefce2a7f7314dfbb01a3db3a6501d0af49419925,Proxy,UPC,Proxy,UPC
0x6a911d2aaabe631f8d7daa82afbfe38633cb0dab,Proxy,UPC,Non-Proxy,Non-UPC
0xf955c57f9ea9dc8781965feae0b6a2ace2bad6f3,Proxy,UPC,Proxy,UPC
0xd4b2657f2efffac2a146bedad962f00682e04f4f,Proxy,UPC,Proxy,UPC
0x4f6103bad230295bacf30f914fda7d4273b7f585,Proxy,UPC,Proxy,UPC
0x48c59199da51b7e30ea200a74ea07974e62c4ba7,Proxy,UPC,Proxy,UPC
0x444dbcb15ea0d706c04dab615374a11759e07a25,Proxy,UPC,Proxy,UPC
0x2a54a157c4d3468ec71fa836f3ea55ae79ebd0f6,Proxy,UPC,Proxy,UPC
0x3e6ae87673424b1a1111e7f8180294b57be36476,Proxy,UPC,Proxy,UPC
0x19bc15849b392519a9a9131df32c00cc3497892d,Proxy,UPC,Proxy,UPC
0x1337def131dc32b6417b392b6c7047b99e702f7c,Proxy,UPC,Proxy,UPC
0x1643e812ae58766192cf7d2cf9567df2c37e9b7f,Proxy,UPC,Proxy,UPC
0x109533f9e10d4aeef6d74f1e2d59a9ed11266f27,Proxy,UPC,Proxy,UPC
0x1565616e3994353482eb032f7583469f5e0bcbec,Proxy,UPC,Proxy,UPC
0xa2f987a546d4cd1c607ee8141276876c26b72bdf,Proxy,UPC,Proxy,UPC
0xab55bf4dfbf469ebfe082b7872557d1f87692fe6,Proxy,UPC,Proxy,UPC
0xb9d7934878b5fb9610b3fe8a5e441e8fad7e293f,Proxy,UPC,Proxy,UPC
0xde97e5a2fae859ac24f70d1f251b82d6a9b77296,Proxy,UPC,Proxy,UPC
0xeccd8639ea31fafe9e9646fbf31310ec489ad1c8,Proxy,UPC,Proxy,UPC
0xbdb4d10997185ed3cbd8a56f6f65a30d58a01384,Proxy,UPC,Proxy,UPC
0x8b9720b7017f90032500452ea4d1709a7a3e740c,Proxy,UPC,Proxy,UPC
0xea2977e88938561dc633c560d0a170c91d90da95,Proxy,UPC,Proxy,UPC
0xfb9f0bac46697a87eda5a48a5232231bb0ba156f,Proxy,UPC,Proxy,UPC
0x2dbc4622fde0dc5d1d1c6fc908678cddba81c189,Proxy,UPC,Proxy,UPC
0x8f64c5e21c4c5b5aedb102e7cacd07ef101bdc7d,Proxy,UPC,Non-Proxy,Non-UPC
0x23e97a06f452120e2b1bf2a6713bb3833d7afdcf,Proxy,UPC,Proxy,UPC
0x89d0a07b792754460faa49e57437b40aa33fb757,Proxy,UPC,Proxy,UPC
0xe4564de79f316b5556eaf1bdae221f3770cc3716,Proxy,UPC,Proxy,UPC
0x266bfdb2124a68beb6769dc887bd655f78778923,Proxy,UPC,Proxy,UPC
0xfcdedc0397603346788b2567fb5e6d9fd2aedf4c,Proxy,UPC,Proxy,UPC
0xe80586ed45f1692727db7bc7b11cc7659874aee9,Proxy,UPC,Non-Proxy,Non-UPC
0x67905d283b5214fe49319a5c305e67c7d9e86d36,Proxy,UPC,Non-Proxy,Non-UPC
0xbf45f4280cfbe7c2d2515a7d984b8c71c15e82b7,Proxy,UPC,Proxy,UPC
0x3bfc20f0b9afcace800d73d2191166ff16540258,Proxy,Non-UPC,Proxy,Non-UPC
0x43ab622752d766d694c005acfb78b1fc60f35b69,Proxy,Non-UPC,Proxy,Non-UPC
0x376c3e5547c68bc26240d8dcc6729fff665a4448,Proxy,Non-UPC,Proxy,Non-UPC
0x863df6bfa4469f3ead0be8f9f2aae51c91a907b4,Proxy,Non-UPC,Non-Proxy,Non-UPC
0xb7fd162235ea6e786c418b1ef27300bd424a3310,Proxy,Non-UPC,Proxy,Non-UPC
0x2ab8213f5c75fa8d028f232759e1acdce7b60eeb,Proxy,Non-UPC,Proxy,Non-UPC
0x2697c365839e919c210fa06c9aa1b7d9750aed91,Proxy,Non-UPC,Proxy,UPC
0x217375af2de10c73f94408c3258a956df106ba98,Proxy,UPC,Proxy,UPC
0x5fbc020c3ee08c1a6909b2927e7dcab3afce8dea,Proxy,UPC,Proxy,UPC
0xc99f6077fea33661de0c54b8f7bd9b813a2ca45e,Proxy,UPC,Proxy,UPC
0xd1a2b2ab35b439456fb5c28ad7ff23f893a302c1,Proxy,UPC,Proxy,UPC
0xe344757aea83ac838f22e757991489993e5d3760,Proxy,UPC,Proxy,UPC
0x10b5589fc6922f5c27061ac79ad9a4af35e15806,Proxy,Non-UPC,Proxy,Non-UPC
0x1be98680ff697390cbc4cdc414a1be8add733bf7,Proxy,Non-UPC,Non-Proxy,Non-UPC
0x380070670fb427ae8070631eef6f2d0824d8ce01,Proxy,Non-UPC,Non-Proxy,Non-UPC
0x39283682b121cdfa38485933b676da6ba893d6b7,Proxy,UPC,Proxy,UPC
0xf479c029ed8af4a6a23248ac826812cf7cbd4d2c,Proxy,UPC,Proxy,UPC
0x43d999789559f9a352537d979d024b335bf34ba3,Proxy,UPC,Proxy,UPC
0x518530aca60154403012f17c7b8e26f88f7494ee,Proxy,Non-UPC,Non-Proxy,Non-UPC
0x56cc82bbb3049dc3366bf26061d09ed3fd061881,Proxy,Non-UPC,Non-Proxy,Non-UPC
0x5b4140771615b25f22a4bf52f77e35cdccc5b663,Proxy,Non-UPC,Non-Proxy,Non-UPC
0x5d89cd6f9cf66ab82513b396a46c0c812af89b5c,Proxy,UPC,Proxy,UPC
0x60a977354a6ba44310b2ee061bcf19632450e51d,Proxy,Non-UPC,Non-Proxy,Non-UPC
0x67f53b749fe432274e3f53752a91da89ef86777e,Proxy,Non-UPC,Non-Proxy,Non-UPC
0x75228dce4d82566d93068a8d5d49435216551599,Proxy,Non-UPC,Non-Proxy,Non-UPC
0x8fee0da3a35f612f88fb58d7028d14c7d99a3643,Proxy,Non-UPC,Non-Proxy,Non-UPC
0xbca52c29b535fd63bdc7ca35efa56116550f4c59,Proxy,Non-UPC,Non-Proxy,Non-UPC
0xc9475b6326bc9a5c4cf323927ae9818491cc528d,Proxy,UPC,Proxy,UPC
0xdb25f211ab05b1c97d595516f45794528a807ad8,Proxy,UPC,Proxy,UPC
0xe33ca1ebb783343035b11a7e755c29c28b763540,Proxy,Non-UPC,Non-Proxy,Non-UPC
0xe62e470c8fba49aea4e87779d536c5923d01bb95,Proxy,Non-UPC,Non-Proxy,Non-UPC
0xe86a4beb10155a5bd7ebb430ce13438341e808a8,Proxy,Non-UPC,Non-Proxy,Non-UPC
0xfbcd5e4dbf9e95ce56d55cb3a4fd72415ca400ff,Proxy,Non-UPC,Non-Proxy,Non-UPC
0x4be1f1026fb4280f1ab3c35e16a38fb13c2faf4a,Proxy,UPC,Proxy,UPC
0x1a5f9352af8af974bfc03399e3767df6370d82e4,Proxy,Non-UPC,Proxy,UPC
0x039fb002d21c1c5eeb400612aef3d64d49eb0d94,Proxy,UPC,Non-Proxy,Non-UPC
0x85e9fc8273b1ee9d81f4b800071563096f689863,Proxy,UPC,Non-Proxy,Non-UPC
0x694c68c7577a9a6a8cf2f6da0066790201afc260,Proxy,UPC,Non-Proxy,Non-UPC
0x902b4b1882621e02893a1330aa42221939b27447,Proxy,UPC,Non-Proxy,Non-UPC
0xaf1745c0f8117384dfa5fff40f824057c70f2ed3,Proxy,Non-UPC,Proxy,UPC
0xe938e574afef9a75d8d6b6b5bd7dc44f3df1add9,Proxy,Non-UPC,Proxy,UPC
0xb9625381f086e7b8512e4825f6af1117e9c84d43,Proxy,Non-UPC,Non-Proxy,Non-UPC
0x00224d9084fd7cdb4a5ce7740cb1ca0dca6be7a6,Proxy,Non-UPC,Proxy,Non-UPC
0x5982f9decc836248b2c72cf23af1ec2a64173fcc,Proxy,UPC,Proxy,UPC
0x682664463c7e9b9182f9b6a8172f374785825c12,Proxy,UPC,Proxy,UPC
0x78cf7525a755f3542a5652fe8eab87c23e910da5,Proxy,Non-UPC,Non-Proxy,Non-UPC
0x7963aa3202d186e0da113423da0fccf879b69cb2,Proxy,UPC,Proxy,UPC
0x8e9748c70ce9155147e25f28226d3e803c5a7ef2,Proxy,UPC,Proxy,UPC
0xce41fc6412cc87b1b53b7a7d8bed2c8f8bb33c9a,Proxy,UPC,Proxy,UPC
0xd819e948b14ca6aad2b7ffd333ccdf732b129eed,Proxy,UPC,Proxy,UPC
0x896d335daf43b01931bcacaa4cb24fc5e095cea2,Proxy,UPC,Non-Proxy,Non-UPC
0xea7a7bc3ba38b2569b6bee8dcd8acb4218c08716,Proxy,UPC,Proxy,UPC
0xf748a20ef5be9d6145a6a8e4297e5652df82ffc8,Proxy,Non-UPC,Non-Proxy,Non-UPC
0x07488c18c261b37fa87aff9ff71fa14c32a08c9a,Proxy,Non-UPC,Non-Proxy,Non-UPC
0x0a24864596c54d79c825e64b281645249c14590c,Proxy,UPC,Non-Proxy,Non-UPC
0x0abed9d2b33d47c5a29e51c9387216f3f011b0de,Proxy,Non-UPC,Non-Proxy,Non-UPC
0x13586160e4f890d0631c3c08d989f5b7afe202b0,Proxy,UPC,Non-Proxy,Non-UPC
0x15e90976b01cbc38e203cf9f367fba6f3462b5ff,Proxy,Non-UPC,Non-Proxy,Non-UPC
0x1757f3f01fbf888c9e7c0b407654d014be4ab0ab,Proxy,UPC,Proxy,UPC
0x1e4f16c92026b96d5bb42045993657d8b39253e9,Proxy,UPC,Proxy,UPC
0x1e883b70089381cf1db87e88c45d5a92ee149e7c,Proxy,UPC,Proxy,UPC
0x275d5d1a8f887b63e7c6f6a5ca5f0b0af4826a62,Proxy,UPC,Proxy,UPC
0x3410349f1e02e3beab54b1513fc2c9d2bab6d7ac,Proxy,UPC,Proxy,UPC
0x4671740ff9744fc197df8c3fe32ea9b18b207982,Proxy,UPC,Proxy,UPC
0x4936790a58f5ae1c06210cba4eb1024fd7d535ac,Proxy,UPC,Proxy,UPC
0x4b04b829d4e6803ff7ad7c87ea3a0e453d379da7,Proxy,UPC,Proxy,UPC
0x50456eb644207302e054093d8fb9c4193755e6be,Proxy,UPC,Proxy,UPC
0x5689c65cfe5e8bf1a5f836c956dea1b3b8be00bb,Proxy,UPC,Proxy,UPC
0x578a26ed597f89a05e0e163607f42c51c5015945,Proxy,UPC,Proxy,UPC
0xa02f5f130f8112ee1a91ea43026c7895c2a5bb8f,Proxy,UPC,Proxy,UPC
0x5be38552d1714c4defe94edb66df208083a601b4,Proxy,UPC,Proxy,UPC
0x9e4cb07dfd2a121a53bee4f994d0907b1f39b03a,Proxy,UPC,Proxy,UPC
0x63c50a1fe505e9dc77bc6a75e6643099a0816f67,Proxy,UPC,Proxy,UPC
0x644e3cbc36f6b5d01c900065c732df699dcb492b,Proxy,UPC,Proxy,UPC
0xa6a7cae8fe19daa4af8f06f5c9b13db432c73e7e,Proxy,UPC,Proxy,UPC
0xcd6be2a7dde6503503579ea04026305c9cbd4d26,Proxy,UPC,Proxy,UPC
0xd98e59c710eaf3608f4dd073c2e843826f0d7e12,Proxy,UPC,Proxy,UPC
0xbedbf2d05237af8595039760d14fec731c78ac62,Proxy,UPC,Proxy,UPC
0xf7d5060c181f9ed59f619b2c945a2f7c3ee9cce2,Proxy,UPC,Proxy,UPC
0xd9d0f8f727c4607d89ab897656aaa921054ad1e3,Proxy,UPC,Proxy,UPC
0xe964a36142bbe39751d0b4d6140fc0b8c48e68be,Proxy,UPC,Proxy,UPC
0xe01da25c86fe02869e98102516209f51777a5bd9,Proxy,UPC,Proxy,UPC
0xe470198cda121da5b6ad349d3577b166e5985917,Proxy,UPC,Proxy,UPC
0xbee78bcfb956edbfef19655471b5a6ee7bcd6b71,Proxy,UPC,Proxy,UPC
0xd01d9bc57e450923b414561b355f54139cef705d,Proxy,UPC,Proxy,UPC
0xb733eb1fd233956cc689a6c082d4d0a47e3975e1,Proxy,UPC,Proxy,UPC
0x65475e604cf3016a738f8aac71cea18b0c2021b4,Proxy,UPC,Proxy,UPC
0x68a64df7458a8eb2677991e657508fe00205332d,Proxy,UPC,Proxy,UPC
0xaba8421dee292cee1e17cd5504f460ac438cc860,Proxy,UPC,Proxy,UPC
0x7a70b72db9c59f30c780c4746ce2a0562502ec2b,Proxy,UPC,Proxy,UPC
0x8bbe886294ac356c4ded8fc3e6acdd6683ac26b6,Proxy,UPC,Proxy,UPC
0x7301cfa0e1756b71869e93d4e4dca5c7d0eb0aa6,Proxy,UPC,Proxy,UPC
0x79da9ce7e3af83f5302dc89c39387089dee75e4f,Proxy,UPC,Proxy,UPC
0x1ff93b2d47d974644bddc62bf66940ebf18703e8,Proxy,Non-UPC,Non-Proxy,Non-UPC
0x3a82d482e7620b3257718d7926e47a0e53f21466,Proxy,Non-UPC,Non-Proxy,Non-UPC
0x42738527332252a56d6968767ed7df0d1aefecc4,Proxy,Non-UPC,Proxy,UPC
0x43b205d57c9cbcb0439068be277a48a9ad834cd5,Proxy,Non-UPC,Non-Proxy,Non-UPC
0x44cfbcb1ca0d3df0925dda3354e955d38d78ad6b,Proxy,Non-UPC,Non-Proxy,Non-UPC
0x4b86181abcaefc008b561e27c0aee64bb5eb8dbe,Proxy,Non-UPC,Non-Proxy,Non-UPC
0x5275e7264ab0bb75d970e7442de0aadd0c0b85ae,Proxy,Non-UPC,Non-Proxy,Non-UPC
0x532975d56cf18f597480e2521246b273ad9ae348,Proxy,Non-UPC,Proxy,Non-UPC
0xc011a72400e58ecd99ee497cf89e3775d4bd732f,Proxy,UPC,Proxy,UPC
0x57ab1e02fee23774580c119740129eac7081e9d3,Proxy,UPC,Proxy,UPC
0xdb36b8f25bb1f289d97aee8f87baccac58fa8883,Proxy,UPC,Non-Proxy,Non-UPC
0xd989a04ad891528b571ef73dacaefeb0402a65b3,Proxy,UPC,Non-Proxy,Non-UPC
0x5811e3ce346638eaf61414c91cde7b403c3c4eb5,Proxy,UPC,Proxy,UPC
0x5c545ca7f9d34857664fdce6adc22edcf1d5061f,Proxy,UPC,Non-Proxy,Non-UPC
0xa474722aefabf42175d22053cedb1dc60f9a9211,Proxy,UPC,Proxy,UPC
0x60ece4a5be3fd7594e9f24c2948cce5ce3c6dde7,Proxy,UPC,Non-Proxy,Non-UPC
0x6253b6161ca14b4cc1e47e1d7ee949b248bcd1e9,Proxy,UPC,Non-Proxy,Non-UPC
0x7b7f44c3cd0fb15863a6f968e16aa4a91acb79c9,Proxy,Non-UPC,Non-Proxy,Non-UPC
0x7bff37bda2318125c6b895d4f2b50bcd9e0cc40e,Proxy,Non-UPC,Non-Proxy,Non-UPC
0x7e65b937d576a56b34ddb8aa0c6534f198c36940,Proxy,Non-UPC,Proxy,UPC
0x86343be63c60ce182d8b5ac6a84f0722d8d61ae5,Proxy,Non-UPC,Proxy,UPC
0x92812526ebc2f4df9e0b77db74da0803b8f023fa,Proxy,UPC,Non-Proxy,Non-UPC
0x93effd08e3e5a4b1b40c26137e63876b2501ffa4,Proxy,Non-UPC,Proxy,Non-UPC
0x9a9e6cbdda87a928fc34a4702bec63943d2596dc,Proxy,Non-UPC,Non-Proxy,Non-UPC
0x9ccc923fa4a71b4a4630db7edebd0372f0e62872,Proxy,Non-UPC,Non-Proxy,Non-UPC
0xa17b54c69983093ff3d6574a569af1b68f297cc8,Proxy,Non-UPC,Proxy,Non-UPC
0xaaf401585b72c678afc09036510d3ef759bdaf7e,Proxy,Non-UPC,Proxy,Non-UPC
0xb94f117752f98bcb29f28526e9c211b70c17fc26,Proxy,Non-UPC,Non-Proxy,Non-UPC
0xefab1d4e5b8177c80cce30c7feb2b5f23bfc465a,Proxy,Non-UPC,Non-Proxy,Non-UPC
0xf6b739084464bf0caddba440b03850507e656026,Proxy,Non-UPC,Non-Proxy,Non-UPC
0x57ab1ec28d129707052df4df418d58a2d46d5f51,Proxy,UPC,Proxy,UPC
0xc011a73ee8576fb46f5e1c5751ca3b9fe0af2a6f,Proxy,UPC,Proxy,UPC
0x9c06a2e334aa11b4cc7f10b0d49a7b53a1b61ead,Proxy,UPC,Proxy,UPC
0x5db4364cc0959c224f7898d8188413c1f560cf48,Proxy,Non-UPC,Proxy,Non-UPC
0xc6bd5ae5f9ff04f2f07b9b839950f3546cdfa59f,Proxy,UPC,Proxy,UPC
0xf93063cb584263102dd355759c5a8a359bfba31d,Proxy,Non-UPC,Proxy,Indecisive
0x6b4f20b2259eebb97945b6ef549a1c44fca6cd81,Proxy,UPC,Proxy,UPC
0x3c5fe0a3922777343cbd67d3732fcdc9f2fa6f2f,Proxy,UPC,Proxy,UPC
0x3e803eea623ee4793f0f49790a813811da5249f4,Proxy,UPC,Proxy,UPC
0x051caefa90adf261b8e8200920c83778b7b176b6,Proxy,UPC,Proxy,UPC
0x76def2112b2a5668782f6754640b982683eacbcb,Proxy,UPC,Proxy,UPC
0x277e80f3e14e7fb3fc40a9d6184088e0241034bd,Proxy,UPC,Proxy,UPC
0x0660bf15a89d8e90cba1b3f0ccf493c415b1369d,Proxy,UPC,Proxy,UPC
0x12115a32a19e4994c2ba4a5437c22cef5abb59c3,Proxy,UPC,Proxy,UPC
0x47211b1d1f6da45aaee06f877266e072cf8baa74,Proxy,UPC,Proxy,UPC
0x67023c56548ba15ad3542e65493311f19adfdd6d,Proxy,UPC,Proxy,UPC
0x553845f9c44c43224620055eca64c6cc79f5ddfd,Proxy,UPC,Proxy,UPC
0xe40e09cd6725e542001fcb900d9dfea447b529c0,Proxy,UPC,Proxy,UPC
0xec7f2d7e21a875aee53b05eb511473a385d90d04,Proxy,UPC,Proxy,UPC
0xf00d4b19458c594d4ea9d0b9861edfd2c444fa9a,Proxy,UPC,Proxy,UPC
0x2a8e1e676ec238d8a992307b495b45b3feaa5e86,Proxy,UPC,Proxy,UPC
0xa4d15507112c0db37e1320bf3fff8891dfd1d2ed,Proxy,UPC,Proxy,UPC
0xb95423e3ca13ce5336cb177b06cd4f647d2aad57,Proxy,UPC,Proxy,UPC
0x2ac34f8327aced80cfc04085972ee06be72a45bb,Proxy,UPC,Proxy,UPC
0x04d3c3f23713d469ad6aa826d3ac591a70bbc5c6,Proxy,UPC,Proxy,UPC
0x5d570b759847e0c54951072a3b146d157959ed10,Proxy,UPC,Proxy,UPC
0x3a05d2394f7241e00f4ae90a1f14d9c9c48a1e9b,Proxy,UPC,Proxy,UPC
0x59706d38f1452f387563f06b632af7302456fe66,Proxy,UPC,Proxy,UPC
0x63cbd1858bd79de1a06c3c26462db360b834912d,Proxy,UPC,Proxy,UPC
0x6de77a304609472a4811a0bfd47d8682aebc29df,Proxy,UPC,Proxy,UPC
0x8584af1b39ef8c3f747da4ae67ffffcd18e82fcc,Proxy,UPC,Proxy,UPC
0x9efd60f40e35b3ca7294cc268a35d3e35101be42,Proxy,UPC,Proxy,UPC
0xb8e59ce1359d80e4834228edd6a3f560e7534438,Proxy,UPC,Proxy,UPC
0xfcbb61bcd4909bf4af708f15aaaa905e0978cafc,Proxy,UPC,Proxy,UPC
0x17a30d8eaaf1149f0f133f048041eb167597efb0,Proxy,UPC,Proxy,UPC
0xd6de5b5e7f60679d85ea58b783d85bc8595e64a4,Proxy,UPC,Non-Proxy,Non-UPC
0xfee82a3fd7eacdcc33ccb51ce6cdec359d9ee392,Proxy,UPC,Non-Proxy,Non-UPC
0x23f33965877bfce561ab3ea37b54ccdf9a4a4cf5,Proxy,UPC,Proxy,UPC
0x29ce32fd3507b40dd4ed72109ff15d38b77d80d1,Proxy,UPC,Proxy,UPC
0x2ac64f23d5546248f54c48f8e4bcaa94b32de708,Proxy,UPC,Proxy,UPC
0x5953eb2e1790b9a0cba6f02cc20026a688e19b16,Proxy,UPC,Proxy,UPC
0x627af3b7bb61cb5e96a1f31277eb387defe737a1,Proxy,UPC,Proxy,UPC
0x6be937ee9ce904912f85095da95440373c7f8346,Proxy,UPC,Non-Proxy,Non-UPC
0xb661ef22dd089063d48efce2cf8e19917797bbfb,Proxy,UPC,Proxy,UPC
0xdf83c19a6958ce28b1cb9e1751ed05b060505cfd,Proxy,UPC,Proxy,UPC
0xdba694d5204064296247d1210dbfd2fc9b9d95a0,Proxy,UPC,Proxy,UPC
0xb6fe88db55a92bbb8e50bc33144348c20ba5a6dd,Proxy,UPC,Non-Proxy,Non-UPC
0xf8b94cd86fd64bd28b7b4988b718052ded52a849,Proxy,UPC,Non-Proxy,Non-UPC
0xe0ad9f154bd221baca5b6e4334b956da4371f4ec,Proxy,Non-UPC,Proxy,UPC
0xbaac2b4491727d78d2b78815144570b9f2fe8899,Proxy,Non-UPC,Proxy,Non-UPC
0xddc47b0ca071682e8dc373391aca18da0fe28699,Proxy,UPC,Proxy,UPC
0xe6f143a0e0a8f24f6294ce3432ea10fad0206920,Proxy,UPC,Proxy,UPC
0xc67ded0ec78b849e17771b2e8a7e303b4dad6dd4,Proxy,UPC,Proxy,UPC
0x2d60ac9eac20a5be66fd62676232d9a7c96bb1dc,Proxy,Non-UPC,Proxy,Non-UPC
0x086a04e8562948345d75135523627264084b3ec4,Proxy,UPC,Proxy,UPC
0xea7cc765ebc94c4805e3bff28d7e4ae48d06468a,Proxy,UPC,Proxy,UPC
0xfe48bfff0eaedcb3724c8c0e8bda26e267f0a651,Proxy,UPC,Proxy,UPC
0x5a33c008fc80afe089ef5c7390ef3e17bfca0645,Proxy,UPC,Non-Proxy,Non-UPC
0xe806db0693788ec79d6c45a8934e0eaf94afa37e,Proxy,UPC,Proxy,UPC
0xf9da2de9e04561f69ab770a846ee7ddcfc2c53f6,Proxy,UPC,Proxy,UPC
0x9ede19ede2baf93d25fba4c8f58577e008b8f963,Proxy,UPC,Non-Proxy,Non-UPC
0x31ae5109e5adb582f4f42ca9aaa9a723a325f214,Proxy,UPC,Proxy,UPC
0x89d56979795c4b82828d893ac3ffe9711114a6f9,Proxy,UPC,Proxy,UPC
0x17bbe0c96a06ffe1dfb11522277482d04df1e7bd,Proxy,UPC,Proxy,UPC
0x235b8bcbe5c5fd14e1194471e1d802ec91c5e5cf,Proxy,UPC,Proxy,UPC
0x2306d4cb9553660780d41fe4894fe003202b5fec,Proxy,UPC,Non-Proxy,Non-UPC
0x5961e2027a46f97006387cad05cd38ef0cd47588,Proxy,UPC,Non-Proxy,Non-UPC
0xa446d7789f2c1daee6b9377add622a8dfe3c95ba,Proxy,UPC,Proxy,UPC
0xa8305b9cfd9590d328e1ac5b13bdd647daec5652,Proxy,UPC,Non-Proxy,Non-UPC
0xd778798ed4b34031dc670e730291c221a3eb07f1,Proxy,UPC,Non-Proxy,Non-UPC
0xdbd5f71c4d48dca17faacd88c8664dd0fde3f0a4,Proxy,UPC,Non-Proxy,Non-UPC
0xe0cf53f4358948adc63b32338539a119b5fa786f,Proxy,UPC,Proxy,UPC
0xe2c0b47fde7fe49c23a706afdb02c95103601bac,Proxy,UPC,Proxy,UPC
0xe3412d2751f6cfa117a4c5eb71e84aa63a5ee5ff,Proxy,UPC,Proxy,UPC
0x7da4e597d5e0fc8a527a12e95878e8641f4901f2,Proxy,UPC,Non-Proxy,Non-UPC
0x7a9e457991352f8fefb90ab1ce7488df7cda6ed5,Proxy,UPC,Proxy,UPC
0xec88ba505bc341cd590dced6001c29f3b267970a,Proxy,UPC,Proxy,UPC
0x0aacfbec6a24756c20d41914f2caba817c0d8521,Proxy,UPC,Proxy,UPC
0x30bb8d13047204ca2ab8f94d4c96e9dab85bac28,Proxy,UPC,Proxy,UPC
0x1cf0f3aabe4d12106b27ab44df5473974279c524,Proxy,UPC,Proxy,UPC
0x3e460895ddeea50dd67f098f1bceffb03f36a04c,Proxy,UPC,Proxy,UPC
0x3fe0359a4dcbe9c943bbc22bac0ec5565620e30c,Proxy,UPC,Proxy,UPC
0x4aa5f09d3f322371ce073425cf22ae098cef6e13,Proxy,UPC,Non-Proxy,Non-UPC
0x4a1955d950fb7a73e23811ad351ecaab6a413618,Proxy,UPC,Non-Proxy,Non-UPC
0x5e9ea1989853b38dd8c55962146167b3c1e17dfd,Proxy,UPC,Proxy,UPC
0x5e6468b3048d1b5a48ca6eae3953b17fe1165ed9,Proxy,UPC,Proxy,UPC
0x4d3cf9f182d56ed3de0bf4144bc4a301c54de48f,Proxy,UPC,Non-Proxy,Non-UPC
0x4c7e5fed8751809f43e5e0108978bdb5b37e0945,Proxy,UPC,Non-Proxy,Non-UPC
0x05bab9017705d32a8a0bb2ec06a78fa0fa20f1a4,Proxy,Non-UPC,Proxy,UPC
0x5b2733c3d3acd4abaf86719365fd683408b2c0a8,Proxy,UPC,Proxy,UPC
0x7a21270190dcb9f9d7f9802f5b0c4ca5e83a974c,Proxy,UPC,Non-Proxy,Non-UPC
0x7e17c0247dfece6fa0f36396df4b46680c175156,Proxy,UPC,Non-Proxy,Non-UPC
0x8ee4f840d0f8d6734022eefe4da8e5c6681b9724,Proxy,UPC,Proxy,UPC
0x9da41f7810c2548572f4fa414d06ed9772ca9e6e,Proxy,UPC,Proxy,UPC
0x036cf3821ea246e935feef1c29ed8ddffac1dbb0,Proxy,UPC,Proxy,UPC
0x71dd9cd476c73f7c94a82e3f00a8ed29268602e1,Proxy,UPC,Proxy,UPC
0x73f16f0c0cd1a078a54894974c5c054d8dc1a3d7,Proxy,UPC,Proxy,UPC
0x395cb0c7bf2808a11200a9018c98b2839f45c6f9,Proxy,UPC,Non-Proxy,Non-UPC
0x663e0657202588c0eabd8bd6da67d87d52d3e851,Proxy,UPC,Proxy,UPC
0x741a00905f80adb1334e2b7294e2eb6596aa880e,Proxy,UPC,Proxy,UPC
0x913b6c7cdc4aaee92cd1efbdb6560dd04da98813,Proxy,UPC,Proxy,UPC
0x980d11ac1c26f737ca467bec2c0ed292d06a258c,Proxy,UPC,Proxy,UPC
0x5352c7d32c79435bdfc0c58523353957466552ad,Proxy,UPC,Non-Proxy,Non-UPC
0x6432a6f1808b6b793aa3cc5eb5de5549fc5dc54c,Proxy,UPC,Proxy,UPC
0x37699b0368337c5ea58498446e45d4b45dedd956,Proxy,UPC,Non-Proxy,Non-UPC
0x39313c37343224a897cae49b343cd4d3e10c25f1,Proxy,UPC,Proxy,UPC
0x39980a3d1ed5b2cdc48a2259d49d4a4a4201dd2e,Proxy,UPC,Proxy,UPC
0x687924f76f8a6768da69db3775003f4de7f7357c,Proxy,Non-UPC,Non-Proxy,Non-UPC
0x2404987433ff32e32c5b0f8fb77a74a5bca44acb,Proxy,UPC,Proxy,UPC
0x0475675085484498c003fc02fd58bb34a8397484,Proxy,UPC,Non-Proxy,Non-UPC
0xa03ba2d6dd3c4e5cd558f8ed90f4fe1bd5afe7ac,Proxy,UPC,Non-Proxy,Non-UPC
0xbbbbbb512661e9a574a8a3e8c12afaf647e98809,Proxy,UPC,Proxy,UPC
0xd69bf842f65841440e098d387d5736e8be7f02e7,Proxy,Non-UPC,Proxy,Non-UPC
0xdba24c1c9432ca0b9f8a51660687ebaddf912900,Proxy,UPC,Proxy,UPC
0xe438c0fffba2a81094b6623e5191866d32814c22,Proxy,UPC,Proxy,UPC
0xe595d67181d701a5356e010d9a58eb9a341f1dbd,Proxy,UPC,Proxy,UPC
0xf47dd16553a934064509c40dc5466bbfb999528b,Proxy,UPC,Proxy,UPC
0xf553e1f826f42716cdfe02bde5ee76b2a52fc7eb,Proxy,UPC,Proxy,UPC
0xbadcf640bf54d28b15235dcec5817756f247cced,Proxy,UPC,Proxy,UPC
0xc44af2a8e1150a0d6a69f9a3678582ad81c021e0,Proxy,UPC,Non-Proxy,Non-UPC
0xcc28a1e703ae3aa71a3beea9d5084b7700f94d6d,Proxy,UPC,Non-Proxy,Non-UPC
0x1a2a1c938ce3ec39b6d47113c7955baa9dd454f2,Proxy,UPC,Proxy,UPC
0x1a562822f99d11e8f993f6bcda86277123ce22b4,Proxy,UPC,Non-Proxy,Non-UPC
0x2f7be7265250f461a36e59372bb65081a24d36d3,Proxy,UPC,Proxy,UPC
0x4e27a3e21e747cf875ad5829b6d9cb7700b8b5f0,Proxy,UPC,Non-Proxy,Non-UPC
0x4e44fe174e934ff78a77bee3c2b752fd1beefdef,Proxy,UPC,Proxy,UPC
0x7e9d7a0ff725f88cc6ab3ccf714a1fea68ac160b,Proxy,UPC,Proxy,UPC
0x085d9b18be81f2b0c35086972caa46177205f54d,Proxy,UPC,Non-Proxy,Non-UPC
0x87a94fc3aa8902d6af104ae22dabfc72c2a4da57,Proxy,UPC,Proxy,UPC
0x3620a54ec63b98fb709f91c1f89f77842049afc3,Proxy,UPC,Proxy,UPC
0x50510e691c90ea098e3fdd23c311731bf394aafd,Proxy,UPC,Proxy,UPC
0x576773cd0b51294997ec4e4ff96c93d5e3ae9038,Proxy,UPC,Proxy,UPC
0x13773093cdad89e8e1615f581a37c7eeabb04804,Proxy,UPC,Non-Proxy,Non-UPC
0xb5c18e59ac0ee2fe1a91542981dd5efd8b6ee5c0,Proxy,Non-UPC,Proxy,UPC
0xb032012073765a74f8f8fe2e6685ad70253058fa,Proxy,UPC,Non-Proxy,Non-UPC
0xd05ace63789ccb35b9ce71d01e4d632a0486da4b,Proxy,UPC,Proxy,UPC
0xd55bd2c12b30075b325bc35aef0b46363b3818f8,Proxy,UPC,Proxy,UPC
0xe40fc942c86add7686a27c18df742aac9044792b,Proxy,Non-UPC,Proxy,UPC
0xfc6e284605ad1604b8c33066cf8265070a59fe46,Proxy,UPC,Proxy,UPC
0x0689aa2234d06ac0d04cdac874331d287afa4b43,Proxy,Non-UPC,Proxy,UPC
0x25de492f43661af568f46c0a3f39850aa1d066a0,Proxy,UPC,Proxy,UPC
0x4d22af37cdbab2fe1b4f21340bab51ef3c12ad2d,Proxy,UPC,Proxy,UPC
0x707219980471237fea93983f872a6d496e2083b5,Proxy,UPC,Non-Proxy,Non-UPC
0x8ac850b0d2251643218cb6608ef9ba91417d0676,Proxy,Non-UPC,Proxy,UPC
0xc7ed274d6e2a158cdbe8da8141000affa11d33e5,Proxy,UPC,Proxy,UPC
0xdc00239b1d593e2cbe6f908cba1747296c8697ae,Proxy,UPC,Proxy,UPC
0x97c548ac36d5a218bef504b5d5389b724355c5af,Proxy,UPC,Non-Proxy,Non-UPC
0x3871ddd4171cb4e28b407e47a483d1058f32c92f,Proxy,Non-UPC,Proxy,Non-UPC
0xa746c67eb7915fa832a4c2076d403d4b68085431,Proxy,Non-UPC,Proxy,Non-UPC
0x329239599afb305da0a2ec69c58f8a6697f9f88d,Proxy,Non-UPC,Proxy,Non-UPC
0x31d85ef94360a46af2e59c700789ef952cb6eade,Proxy,UPC,Non-Proxy,Non-UPC
0x8676cb811b9148bb1171747221d9cf36c8e1c1f2,Proxy,UPC,Proxy,UPC
0x48420fad7cc1b517e3b49126edc9988df6e0e778,Proxy,UPC,Proxy,UPC
0x0baecbb404828f5ef2169d480d70c40bdd3d1449,Proxy,UPC,Non-Proxy,Non-UPC
0x0feccb11c5b61b3922c511d0f002c0b72d770dce,Proxy,UPC,Proxy,UPC
0x13a246e429ff8e7cf7d371133b511e601bfeb824,Proxy,UPC,Proxy,UPC
0x141a01b4ec8e9424dec5b866c0f580d552007ac5,Proxy,Non-UPC,Non-Proxy,Non-UPC
0x18e9be45b0e917b5648eb6716ece2de87474e535,Proxy,UPC,Proxy,UPC
0x1ba2f447e620e3ec027992d20234a9715a124041,Proxy,Non-UPC,Non-Proxy,Non-UPC
0x3c092c4ba7f4cc7efcc6bc2cf0297d99bc58dfde,Proxy,Non-UPC,Non-Proxy,Non-UPC
0x45341d48d32645d4d5c22f96cb178cf4ecde0a4e,Proxy,Non-UPC,Non-Proxy,Non-UPC
0x4c1fe6f82523142a63d6f7dfd454c7316588e8f8,Proxy,Non-UPC,Proxy,Non-UPC
0x4e3e0852d664b671222384d654d789b2434a9446,Proxy,UPC,Non-Proxy,Non-UPC
0x5ebbe396d852d4aba7412901d4add7c878f67f3a,Proxy,Non-UPC,Proxy,Non-UPC
0x5ed3c9089ed0355bc77cf439dc2ed28c4054c8c4,Proxy,UPC,Non-Proxy,Non-UPC
0x5f6d994e6ba25a0a23efae15e46a6e79527bdf3f,Proxy,Non-UPC,Proxy,UPC
0x6b74e5c4137afd6a7dbd9d43c9d7af2a258e57a7,Proxy,UPC,Non-Proxy,Non-UPC
0x93b02ee3132d10c938dd178c03a66595154f2940,Proxy,UPC,Proxy,UPC
0x97ae437edbaca2db40cff2e0436b894ff72988af,Proxy,Non-UPC,Proxy,UPC
0x99afe4683d8f6142c2e29b5406db2b88d878cdd1,Proxy,Non-UPC,Proxy,Non-UPC
0x9ae0acdb750bfcf694675f46b580847fc49a48bf,Proxy,Non-UPC,Non-Proxy,Non-UPC
0xae3ca20c71acf54c8926d26d8c97548f8b0a4a51,Proxy,Non-UPC,Non-Proxy,Non-UPC
0xeefa8ca24dd1d573882277b917720953e999734d,Proxy,UPC,Non-Proxy,Non-UPC
0x33ff117b155dc6cfa4168bab4ab492487ac767bd,Proxy,UPC,Proxy,UPC
0x46a8dfa8a9c478ff0840099b3a39ea98a6644eed,Proxy,Non-UPC,Non-Proxy,Non-UPC
0x829c094f5034099e91ab1d553828f8a765a3daa1,Proxy,Non-UPC,Proxy,Non-UPC
0x8564653879a18c560e7c0ea0e084c516c62f5653,Proxy,Non-UPC,Proxy,UPC
0x8c4167154accd56797d122d8bcaad3a9432ed4af,Proxy,Non-UPC,Proxy,Non-UPC
0xc1bdb21402707941515765d1e033c94094c65fb4,Proxy,Non-UPC,Proxy,Non-UPC
0xdab5dc22350f9a6aff03cf3d9341aad0ba42d2a6,Proxy,Non-UPC,Proxy,Non-UPC
0xddddddddd83de5ce88a7e7a0df47a702528984e7,Proxy,Non-UPC,Proxy,Non-UPC
0x4cd8d47048b03294820a32ebf58cbc6a76f7f529,Proxy,Non-UPC,Non-Proxy,Non-UPC
0xfe02a32cbe0cb9ad9a945576a5bb53a3c123a3a3,Proxy,UPC,Proxy,UPC
0x84d95558623144604d4ab1a568ed286b2aa8292f,Proxy,UPC,Non-Proxy,Non-UPC
0x318d27825678733f381bc7e17ebe82872bad6ff6,Proxy,UPC,Proxy,UPC
0x1e6b51191fc6582f1b44a794022fc8352414a22f,Proxy,UPC,Non-Proxy,Non-UPC
0x6f1d0e4574eecbab34c083085c3c8856864a6c43,Proxy,UPC,Non-Proxy,Non-UPC
0x30a62b07169e19bb24da82b777d7baf64c95bc81,Proxy,UPC,Non-Proxy,Non-UPC
0xd5b9e02fbc12fe0c5f67205545deece6ee3d0352,Proxy,UPC,Non-Proxy,Non-UPC
0x239a9de61b2d6b1dc9695562a336343e819571e4,Proxy,UPC,Proxy,Indecisive
0x216b4b4ba9f3e719726886d34a177484278bfcae,Proxy,UPC,Non-Proxy,Non-UPC
0xcfeaead4947f0705a14ec42ac3d44129e1ef3ed5,Proxy,Non-UPC,Proxy,UPC
0x1344a36a1b56144c3bc62e7757377d288fde0369,Proxy,Non-UPC,Proxy,UPC
0xc67c620074440c15683ace78c1efa38a4569969b,Proxy,UPC,Proxy,UPC
0x0de05f6447ab4d22c8827449ee4ba2d5c288379b,Proxy,UPC,Proxy,UPC
0x1b0c489db625bf96aef17cedbce513bce4ce39ec,Proxy,Non-UPC,Non-Proxy,Non-UPC
0x2033e559cddff6dd36ec204e3014faa75a01052e,Proxy,Non-UPC,Proxy,UPC
0x222222222291749de47895c0c0a9b17e4fca8268,Proxy,Non-UPC,Proxy,UPC
0x58b4f284fc53bbf349c5168d3f82323189b9a1c9,Proxy,UPC,Proxy,UPC
0x65c234d041f9ef96e2f126263727dfa582206d82,Proxy,Non-UPC,Proxy,UPC
0x6725363e565baa1dda45d492810298ae0b25c4ac,Proxy,Non-UPC,Proxy,Non-UPC
0x8f9749054390b96cca7b5a41c7215cb6745daaee,Proxy,Non-UPC,Proxy,UPC
0xc9198cbbb57708cf31e0cabce963c98e60d333c3,Proxy,Non-UPC,Non-Proxy,Non-UPC
0x9da81a54c7077db36974a145e8fa3368e21781d3,Proxy,Non-UPC,Proxy,Non-UPC
0xb7e495092749de8d30ca30b91e437e15e399ef69,Proxy,Non-UPC,Non-Proxy,Non-UPC
0x917847de47b375c59ddc66aafae113604b205039,Proxy,UPC,Proxy,UPC
0x88d38268e3d3f9a4d1ba54d47b5b5c9aca95956c,Proxy,Non-UPC,Proxy,Non-UPC
0x745f9ec93534b7ba6ff679727469685f24b582ac,Proxy,Non-UPC,Proxy,Non-UPC
0x0fb6c0de0d3cd2a27941981ea1de878348b26014,Proxy,UPC,Proxy,UPC
0x9c5408de2da2cf50cfc87e994d70f3dc17c0ffee,Proxy,UPC,Proxy,UPC
0x7244b023160281addcc69c3db0e589c695facade,Proxy,UPC,Proxy,UPC
0xb89feb008d75c89fb68cfbde1d3426d92d3aface,Proxy,UPC,Proxy,UPC
0xc786097d69299835f3479a1fcd5a1c5638facade,Proxy,UPC,Proxy,UPC
0xdafe7ed9eff8797f547bab3a4b0eee7e66c26e06,Proxy,UPC,Proxy,UPC
0x402eb84d9cb2d6cf66bde9b46d7277d3f4a16b54,Proxy,Non-UPC,Proxy,Non-UPC
0xcf9e5b210ce84ad5060841fabcecb5fccc7ee55e,Proxy,UPC,Proxy,UPC
0xd82d18087f5b110d01d2fb0ed30836a7503eec16,Proxy,UPC,Proxy,UPC
0x612e8126b11f7d2596be800278ecf2515c85aa5b,Proxy,Non-UPC,Proxy,Non-UPC
0x0000071e9eb1199a1cea199363e88b6f34399933,Proxy,Non-UPC,Proxy,UPC
0x33333f4eb95e614e6cb51f170adab839af5e9e70,Proxy,Non-UPC,Proxy,UPC
0x44444cd642c6813f8aeba5951d19e1be666905aa,Proxy,Non-UPC,Proxy,Non-UPC
0x111112a8d812c22e7d54e84da354c8344ea2cf11,Proxy,Non-UPC,Proxy,UPC
0x22222061a8b3dbe5e67fa861e750283aafd479ea,Proxy,Non-UPC,Proxy,UPC
